date,province,code,pop,total,new_pfizer,new_astrazeneca,new_moderna,second_dose
2021-02-06,Burgas,BGS,409265,3029,227,0,0,
2021-02-06,Blagoevgrad,BLG,302694,1565,42,0,0,
2021-02-06,Dobrich,DOB,171809,857,42,0,0,
2021-02-06,Gabrovo,GAB,106598,1010,12,0,0,
2021-02-06,Haskovo,HKV,225317,1059,0,0,0,
2021-02-06,Yambol,JAM,117335,626,94,0,0,
2021-02-06,Kyustendil,KNL,116915,824,36,0,0,
2021-02-06,Kardzhali,KRZ,158204,588,24,0,0,
2021-02-06,Lovech,LOV,122546,962,31,0,0,
2021-02-06,Montana,MON,127001,741,0,0,0,
2021-02-06,Pazardzhik,PAZ,252776,1802,42,0,0,
2021-02-06,Plovdiv,PDV,666801,5704,252,0,0,
2021-02-06,Pernik,PER,119190,643,48,0,0,
2021-02-06,Pleven,PVN,236305,2349,192,0,0,
2021-02-06,Razgrad,RAZ,110789,670,0,0,0,
2021-02-06,Ruse,RSE,215477,1708,144,0,0,
2021-02-06,Sofiya-Oblast,SFO,226671,1606,89,0,0,
2021-02-06,Shumen,SHU,172262,1004,37,0,0,
2021-02-06,Silistra,SLS,108018,696,54,0,0,
2021-02-06,Sliven,SLV,184119,885,0,0,0,
2021-02-06,Smolyan,SML,103532,610,78,0,0,
2021-02-06,Sofiya-Grad,SOF,1328790,16030,646,0,300,
2021-02-06,Stara Zagora,SZR,313396,1881,114,0,0,
2021-02-06,Targovishte,TGV,110914,612,5,0,0,
2021-02-06,Varna,VAR,469885,4162,226,0,0,
2021-02-06,Vidin,VID,82835,493,18,0,0,
2021-02-06,Vratsa,VRC,159470,930,10,0,0,
2021-02-06,Veliko Tarnovo,VTR,232568,1605,72,0,0,
2021-02-07,Burgas,BGS,409265,3256,60,0,0,
2021-02-07,Blagoevgrad,BLG,302694,1607,0,0,0,
2021-02-07,Dobrich,DOB,171809,899,18,0,0,
2021-02-07,Gabrovo,GAB,106598,1022,0,0,0,
2021-02-07,Haskovo,HKV,225317,1059,0,0,0,
2021-02-07,Yambol,JAM,117335,720,0,0,0,
2021-02-07,Kyustendil,KNL,116915,860,0,0,0,
2021-02-07,Kardzhali,KRZ,158204,612,0,0,0,
2021-02-07,Lovech,LOV,122546,993,0,0,0,
2021-02-07,Montana,MON,127001,741,0,0,0,
2021-02-07,Pazardzhik,PAZ,252776,1844,0,0,0,
2021-02-07,Plovdiv,PDV,666801,5956,0,0,0,
2021-02-07,Pernik,PER,119190,691,0,0,0,
2021-02-07,Pleven,PVN,236305,2541,0,0,0,
2021-02-07,Razgrad,RAZ,110789,670,0,0,0,
2021-02-07,Ruse,RSE,215477,1852,0,0,0,
2021-02-07,Sofiya-Oblast,SFO,226671,1695,24,0,0,
2021-02-07,Shumen,SHU,172262,1041,0,0,0,
2021-02-07,Silistra,SLS,108018,750,0,0,0,
2021-02-07,Sliven,SLV,184119,885,0,0,0,
2021-02-07,Smolyan,SML,103532,688,0,0,0,
2021-02-07,Sofiya-Grad,SOF,1328790,16976,0,0,0,
2021-02-07,Stara Zagora,SZR,313396,1995,12,0,0,
2021-02-07,Targovishte,TGV,110914,617,0,0,0,
2021-02-07,Varna,VAR,469885,4388,30,0,0,
2021-02-07,Vidin,VID,82835,511,0,0,0,
2021-02-07,Vratsa,VRC,159470,940,0,0,0,
2021-02-07,Veliko Tarnovo,VTR,232568,1677,12,0,0,
2021-02-08,Burgas,BGS,409265,3316,0,0,0,
2021-02-08,Blagoevgrad,BLG,302694,1607,0,0,0,
2021-02-08,Dobrich,DOB,171809,917,0,0,0,
2021-02-08,Gabrovo,GAB,106598,1022,0,0,0,
2021-02-08,Haskovo,HKV,225317,1059,0,0,0,
2021-02-08,Yambol,JAM,117335,720,0,0,0,
2021-02-08,Kyustendil,KNL,116915,860,0,0,0,
2021-02-08,Kardzhali,KRZ,158204,612,0,0,0,
2021-02-08,Lovech,LOV,122546,993,0,0,0,
2021-02-08,Montana,MON,127001,741,0,0,0,
2021-02-08,Pazardzhik,PAZ,252776,1844,0,0,0,
2021-02-08,Plovdiv,PDV,666801,5956,0,0,0,
2021-02-08,Pernik,PER,119190,691,0,0,0,
2021-02-08,Pleven,PVN,236305,2541,0,0,0,
2021-02-08,Razgrad,RAZ,110789,670,0,0,0,
2021-02-08,Ruse,RSE,215477,1852,0,0,0,
2021-02-08,Sofiya-Oblast,SFO,226671,1719,0,0,0,
2021-02-08,Shumen,SHU,172262,1041,0,0,0,
2021-02-08,Silistra,SLS,108018,750,0,0,0,
2021-02-08,Sliven,SLV,184119,885,0,0,0,
2021-02-08,Smolyan,SML,103532,688,0,0,0,
2021-02-08,Sofiya-Grad,SOF,1328790,16976,0,10,0,
2021-02-08,Stara Zagora,SZR,313396,2007,0,0,0,
2021-02-08,Targovishte,TGV,110914,617,0,0,0,
2021-02-08,Varna,VAR,469885,4418,0,0,0,
2021-02-08,Vidin,VID,82835,511,0,0,0,
2021-02-08,Vratsa,VRC,159470,940,0,0,0,
2021-02-08,Veliko Tarnovo,VTR,232568,1689,12,0,0,
2021-02-09,Burgas,BGS,409265,3316,167,0,0,
2021-02-09,Blagoevgrad,BLG,302694,1607,0,0,0,
2021-02-09,Dobrich,DOB,171809,917,48,0,0,
2021-02-09,Gabrovo,GAB,106598,1022,0,0,0,
2021-02-09,Haskovo,HKV,225317,1059,0,0,0,
2021-02-09,Yambol,JAM,117335,720,2,0,0,
2021-02-09,Kyustendil,KNL,116915,860,24,0,0,
2021-02-09,Kardzhali,KRZ,158204,612,36,0,0,
2021-02-09,Lovech,LOV,122546,993,0,0,0,
2021-02-09,Montana,MON,127001,741,0,0,0,
2021-02-09,Pazardzhik,PAZ,252776,1844,0,0,0,
2021-02-09,Plovdiv,PDV,666801,5956,107,0,0,
2021-02-09,Pernik,PER,119190,691,0,0,0,
2021-02-09,Pleven,PVN,236305,2541,24,0,0,
2021-02-09,Razgrad,RAZ,110789,670,50,0,0,
2021-02-09,Ruse,RSE,215477,1852,0,0,0,
2021-02-09,Sofiya-Oblast,SFO,226671,1719,37,0,0,
2021-02-09,Shumen,SHU,172262,1041,48,0,0,
2021-02-09,Silistra,SLS,108018,750,0,0,0,
2021-02-09,Sliven,SLV,184119,885,0,0,0,
2021-02-09,Smolyan,SML,103532,688,0,0,0,
2021-02-09,Sofiya-Grad,SOF,1328790,16986,663,33,272,
2021-02-09,Stara Zagora,SZR,313396,2007,26,0,0,
2021-02-09,Targovishte,TGV,110914,617,30,0,0,
2021-02-09,Varna,VAR,469885,4418,271,0,0,
2021-02-09,Vidin,VID,82835,511,0,0,0,
2021-02-09,Vratsa,VRC,159470,940,12,0,0,
2021-02-09,Veliko Tarnovo,VTR,232568,1701,0,0,0,
2021-02-10,Burgas,BGS,409265,3483,133,0,0,
2021-02-10,Blagoevgrad,BLG,302694,1607,151,0,0,
2021-02-10,Dobrich,DOB,171809,965,108,0,0,
2021-02-10,Gabrovo,GAB,106598,1022,18,0,0,
2021-02-10,Haskovo,HKV,225317,1059,48,0,0,
2021-02-10,Yambol,JAM,117335,722,0,0,0,
2021-02-10,Kyustendil,KNL,116915,884,6,0,0,
2021-02-10,Kardzhali,KRZ,158204,648,42,0,0,
2021-02-10,Lovech,LOV,122546,993,0,0,0,
2021-02-10,Montana,MON,127001,741,72,0,0,
2021-02-10,Pazardzhik,PAZ,252776,1844,0,0,0,
2021-02-10,Plovdiv,PDV,666801,6063,366,0,0,
2021-02-10,Pernik,PER,119190,691,36,0,0,
2021-02-10,Pleven,PVN,236305,2565,0,0,0,
2021-02-10,Razgrad,RAZ,110789,720,216,0,0,
2021-02-10,Ruse,RSE,215477,1852,90,0,0,
2021-02-10,Sofiya-Oblast,SFO,226671,1756,90,0,0,
2021-02-10,Shumen,SHU,172262,1089,167,0,0,
2021-02-10,Silistra,SLS,108018,750,0,0,0,
2021-02-10,Sliven,SLV,184119,885,96,0,0,
2021-02-10,Smolyan,SML,103532,688,0,0,0,
2021-02-10,Sofiya-Grad,SOF,1328790,17954,1082,10,158,
2021-02-10,Stara Zagora,SZR,313396,2033,132,0,0,
2021-02-10,Targovishte,TGV,110914,647,72,0,0,
2021-02-10,Varna,VAR,469885,4689,278,0,0,
2021-02-10,Vidin,VID,82835,511,34,0,0,
2021-02-10,Vratsa,VRC,159470,952,135,0,0,
2021-02-10,Veliko Tarnovo,VTR,232568,1701,0,0,0,
2021-02-11,Burgas,BGS,409265,3616,164,0,0,
2021-02-11,Blagoevgrad,BLG,302694,1758,100,0,0,
2021-02-11,Dobrich,DOB,171809,1073,120,0,0,
2021-02-11,Gabrovo,GAB,106598,1040,76,0,0,
2021-02-11,Haskovo,HKV,225317,1107,144,0,0,
2021-02-11,Yambol,JAM,117335,722,24,0,0,
2021-02-11,Kyustendil,KNL,116915,890,24,0,0,
2021-02-11,Kardzhali,KRZ,158204,690,18,0,0,
2021-02-11,Lovech,LOV,122546,993,72,0,0,
2021-02-11,Montana,MON,127001,813,36,0,0,
2021-02-11,Pazardzhik,PAZ,252776,1844,36,0,0,
2021-02-11,Plovdiv,PDV,666801,6429,326,0,10,
2021-02-11,Pernik,PER,119190,727,48,0,0,
2021-02-11,Pleven,PVN,236305,2565,120,0,0,
2021-02-11,Razgrad,RAZ,110789,936,0,0,0,
2021-02-11,Ruse,RSE,215477,1942,126,0,0,
2021-02-11,Sofiya-Oblast,SFO,226671,1846,114,0,0,
2021-02-11,Shumen,SHU,172262,1256,168,0,0,
2021-02-11,Silistra,SLS,108018,750,18,0,0,
2021-02-11,Sliven,SLV,184119,981,138,0,0,
2021-02-11,Smolyan,SML,103532,688,6,0,0,
2021-02-11,Sofiya-Grad,SOF,1328790,19204,882,217,102,
2021-02-11,Stara Zagora,SZR,313396,2165,126,0,0,
2021-02-11,Targovishte,TGV,110914,719,108,0,0,
2021-02-11,Varna,VAR,469885,4967,267,0,0,
2021-02-11,Vidin,VID,82835,545,66,0,0,
2021-02-11,Vratsa,VRC,159470,1087,44,0,0,
2021-02-11,Veliko Tarnovo,VTR,232568,1701,35,0,0,
2021-02-12,Burgas,BGS,409265,3780,172,0,0,
2021-02-12,Blagoevgrad,BLG,302694,1858,54,0,0,
2021-02-12,Dobrich,DOB,171809,1193,126,0,0,
2021-02-12,Gabrovo,GAB,106598,1116,92,0,0,
2021-02-12,Haskovo,HKV,225317,1251,126,0,0,
2021-02-12,Yambol,JAM,117335,746,95,0,0,
2021-02-12,Kyustendil,KNL,116915,914,34,0,0,
2021-02-12,Kardzhali,KRZ,158204,708,54,0,0,
2021-02-12,Lovech,LOV,122546,1065,90,0,0,
2021-02-12,Montana,MON,127001,849,36,0,0,
2021-02-12,Pazardzhik,PAZ,252776,1880,168,0,0,
2021-02-12,Plovdiv,PDV,666801,6765,417,0,1,
2021-02-12,Pernik,PER,119190,775,42,0,0,
2021-02-12,Pleven,PVN,236305,2685,156,0,0,
2021-02-12,Razgrad,RAZ,110789,936,0,0,0,
2021-02-12,Ruse,RSE,215477,2068,132,0,0,
2021-02-12,Sofiya-Oblast,SFO,226671,1960,96,40,0,
2021-02-12,Shumen,SHU,172262,1424,193,0,0,
2021-02-12,Silistra,SLS,108018,768,179,0,0,
2021-02-12,Sliven,SLV,184119,1119,36,0,0,
2021-02-12,Smolyan,SML,103532,694,0,0,0,
2021-02-12,Sofiya-Grad,SOF,1328790,20405,850,641,196,
2021-02-12,Stara Zagora,SZR,313396,2291,228,0,0,
2021-02-12,Targovishte,TGV,110914,827,90,0,0,
2021-02-12,Varna,VAR,469885,5234,381,0,0,
2021-02-12,Vidin,VID,82835,611,54,0,0,
2021-02-12,Vratsa,VRC,159470,1131,12,0,0,
2021-02-12,Veliko Tarnovo,VTR,232568,1736,169,0,0,
2021-02-13,Burgas,BGS,409265,3952,206,30,0,
2021-02-13,Blagoevgrad,BLG,302694,1912,0,0,0,
2021-02-13,Dobrich,DOB,171809,1319,78,0,0,
2021-02-13,Gabrovo,GAB,106598,1208,54,0,0,
2021-02-13,Haskovo,HKV,225317,1377,120,0,0,
2021-02-13,Yambol,JAM,117335,841,143,0,0,
2021-02-13,Kyustendil,KNL,116915,948,37,0,0,
2021-02-13,Kardzhali,KRZ,158204,762,0,0,0,
2021-02-13,Lovech,LOV,122546,1155,48,0,0,
2021-02-13,Montana,MON,127001,885,0,0,0,
2021-02-13,Pazardzhik,PAZ,252776,2048,234,0,0,
2021-02-13,Plovdiv,PDV,666801,7183,354,0,0,
2021-02-13,Pernik,PER,119190,817,48,0,0,
2021-02-13,Pleven,PVN,236305,2841,96,0,0,
2021-02-13,Razgrad,RAZ,110789,936,0,0,0,
2021-02-13,Ruse,RSE,215477,2200,138,0,0,
2021-02-13,Sofiya-Oblast,SFO,226671,2096,12,70,0,
2021-02-13,Shumen,SHU,172262,1617,42,0,0,
2021-02-13,Silistra,SLS,108018,947,18,0,0,
2021-02-13,Sliven,SLV,184119,1155,0,0,0,
2021-02-13,Smolyan,SML,103532,694,0,0,0,
2021-02-13,Sofiya-Grad,SOF,1328790,22092,604,535,291,
2021-02-13,Stara Zagora,SZR,313396,2519,87,0,0,
2021-02-13,Targovishte,TGV,110914,917,6,0,0,
2021-02-13,Varna,VAR,469885,5615,212,0,0,
2021-02-13,Vidin,VID,82835,665,6,0,0,
2021-02-13,Vratsa,VRC,159470,1143,0,0,0,
2021-02-13,Veliko Tarnovo,VTR,232568,1905,102,0,0,
2021-02-14,Burgas,BGS,409265,4188,0,0,0,1110.0
2021-02-14,Blagoevgrad,BLG,302694,1912,0,0,0,666.0
2021-02-14,Dobrich,DOB,171809,1397,0,0,0,375.0
2021-02-14,Gabrovo,GAB,106598,1262,0,0,0,319.0
2021-02-14,Haskovo,HKV,225317,1497,0,0,0,522.0
2021-02-14,Yambol,JAM,117335,984,0,0,0,296.0
2021-02-14,Kyustendil,KNL,116915,985,16,0,0,301.0
2021-02-14,Kardzhali,KRZ,158204,762,0,0,0,235.0
2021-02-14,Lovech,LOV,122546,1203,0,0,0,315.0
2021-02-14,Montana,MON,127001,885,0,0,0,333.0
2021-02-14,Pazardzhik,PAZ,252776,2282,36,0,0,687.0
2021-02-14,Plovdiv,PDV,666801,7537,0,0,0,2260.0
2021-02-14,Pernik,PER,119190,865,0,0,0,279.0
2021-02-14,Pleven,PVN,236305,2937,0,0,0,831.0
2021-02-14,Razgrad,RAZ,110789,936,0,0,0,306.0
2021-02-14,Ruse,RSE,215477,2338,0,0,0,626.0
2021-02-14,Sofiya-Oblast,SFO,226671,2178,0,20,0,491.0
2021-02-14,Shumen,SHU,172262,1659,0,0,0,408.0
2021-02-14,Silistra,SLS,108018,965,0,0,0,239.0
2021-02-14,Sliven,SLV,184119,1155,0,0,0,399.0
2021-02-14,Smolyan,SML,103532,694,18,0,0,221.0
2021-02-14,Sofiya-Grad,SOF,1328790,23522,7,409,96,5739.0
2021-02-14,Stara Zagora,SZR,313396,2606,0,0,0,733.0
2021-02-14,Targovishte,TGV,110914,923,0,0,0,259.0
2021-02-14,Varna,VAR,469885,5827,0,0,0,1549.0
2021-02-14,Vidin,VID,82835,671,0,0,0,185.0
2021-02-14,Vratsa,VRC,159470,1143,0,0,0,403.0
2021-02-14,Veliko Tarnovo,VTR,232568,2007,24,0,0,587.0
2021-02-15,Burgas,BGS,409265,4188,0,0,0,1110.0
2021-02-15,Blagoevgrad,BLG,302694,1912,0,0,0,666.0
2021-02-15,Dobrich,DOB,171809,1397,0,0,0,375.0
2021-02-15,Gabrovo,GAB,106598,1262,0,0,0,319.0
2021-02-15,Haskovo,HKV,225317,1497,0,0,0,522.0
2021-02-15,Yambol,JAM,117335,984,0,0,0,296.0
2021-02-15,Kyustendil,KNL,116915,985,0,0,0,301.0
2021-02-15,Kardzhali,KRZ,158204,762,0,0,0,235.0
2021-02-15,Lovech,LOV,122546,1203,0,0,0,315.0
2021-02-15,Montana,MON,127001,885,0,0,0,333.0
2021-02-15,Pazardzhik,PAZ,252776,2282,0,0,0,687.0
2021-02-15,Plovdiv,PDV,666801,7537,0,0,0,2260.0
2021-02-15,Pernik,PER,119190,865,0,0,0,279.0
2021-02-15,Pleven,PVN,236305,2937,0,0,0,831.0
2021-02-15,Razgrad,RAZ,110789,936,0,0,0,306.0
2021-02-15,Ruse,RSE,215477,2338,0,0,0,626.0
2021-02-15,Sofiya-Oblast,SFO,226671,2198,0,20,0,491.0
2021-02-15,Shumen,SHU,172262,1659,0,0,0,408.0
2021-02-15,Silistra,SLS,108018,965,0,0,0,239.0
2021-02-15,Sliven,SLV,184119,1155,0,0,0,399.0
2021-02-15,Smolyan,SML,103532,724,30,0,0,245.0
2021-02-15,Sofiya-Grad,SOF,1328790,23522,0,0,0,5739.0
2021-02-15,Stara Zagora,SZR,313396,2606,0,0,0,733.0
2021-02-15,Targovishte,TGV,110914,923,0,0,0,259.0
2021-02-15,Varna,VAR,469885,5827,0,0,0,1549.0
2021-02-15,Vidin,VID,82835,671,0,0,0,185.0
2021-02-15,Vratsa,VRC,159470,1143,0,0,0,403.0
2021-02-15,Veliko Tarnovo,VTR,232568,2025,18,0,0,587.0
2021-02-16,Burgas,BGS,409265,4317,49,80,0,1129.0
2021-02-16,Blagoevgrad,BLG,302694,1912,0,0,0,666.0
2021-02-16,Dobrich,DOB,171809,1397,0,0,0,375.0
2021-02-16,Gabrovo,GAB,106598,1262,0,0,0,319.0
2021-02-16,Haskovo,HKV,225317,1497,0,0,0,522.0
2021-02-16,Yambol,JAM,117335,986,2,0,0,297.0
2021-02-16,Kyustendil,KNL,116915,985,0,0,0,301.0
2021-02-16,Kardzhali,KRZ,158204,762,0,0,0,235.0
2021-02-16,Lovech,LOV,122546,1203,0,0,0,315.0
2021-02-16,Montana,MON,127001,885,0,0,0,333.0
2021-02-16,Pazardzhik,PAZ,252776,2282,0,0,0,687.0
2021-02-16,Plovdiv,PDV,666801,7721,34,150,0,2271.0
2021-02-16,Pernik,PER,119190,865,0,0,0,279.0
2021-02-16,Pleven,PVN,236305,2937,0,0,0,831.0
2021-02-16,Razgrad,RAZ,110789,936,0,0,0,306.0
2021-02-16,Ruse,RSE,215477,2338,0,0,0,626.0
2021-02-16,Sofiya-Oblast,SFO,226671,2279,42,39,0,533.0
2021-02-16,Shumen,SHU,172262,1659,0,0,0,408.0
2021-02-16,Silistra,SLS,108018,965,0,0,0,239.0
2021-02-16,Sliven,SLV,184119,1155,0,0,0,399.0
2021-02-16,Smolyan,SML,103532,772,48,0,0,269.0
2021-02-16,Sofiya-Grad,SOF,1328790,24916,395,818,181,6225.0
2021-02-16,Stara Zagora,SZR,313396,2648,42,0,0,774.0
2021-02-16,Targovishte,TGV,110914,923,0,0,0,259.0
2021-02-16,Varna,VAR,469885,5971,144,0,0,1550.0
2021-02-16,Vidin,VID,82835,671,0,0,0,185.0
2021-02-16,Vratsa,VRC,159470,1143,0,0,0,403.0
2021-02-16,Veliko Tarnovo,VTR,232568,2049,24,0,0,587.0
2021-02-17,Burgas,BGS,409265,4395,38,40,0,1166.0
2021-02-17,Blagoevgrad,BLG,302694,1912,0,0,0,666.0
2021-02-17,Dobrich,DOB,171809,1451,54,0,0,428.0
2021-02-17,Gabrovo,GAB,106598,1378,83,33,0,395.0
2021-02-17,Haskovo,HKV,225317,1497,0,0,0,522.0
2021-02-17,Yambol,JAM,117335,1010,24,0,0,297.0
2021-02-17,Kyustendil,KNL,116915,1027,42,0,0,343.0
2021-02-17,Kardzhali,KRZ,158204,858,96,0,0,281.0
2021-02-17,Lovech,LOV,122546,1274,71,0,0,382.0
2021-02-17,Pazardzhik,PAZ,252776,2306,24,0,0,709.0
2021-02-17,Plovdiv,PDV,666801,7986,42,223,0,2312.0
2021-02-17,Pernik,PER,119190,947,72,10,0,286.0
2021-02-17,Pleven,PVN,236305,2987,0,50,0,831.0
2021-02-17,Razgrad,RAZ,110789,1020,84,0,0,388.0
2021-02-17,Ruse,RSE,215477,2448,60,50,0,685.0
2021-02-17,Sofiya-Oblast,SFO,226671,2350,30,41,0,563.0
2021-02-17,Shumen,SHU,172262,1695,36,0,0,443.0
2021-02-17,Silistra,SLS,108018,965,0,0,0,239.0
2021-02-17,Sliven,SLV,184119,1238,83,0,0,446.0
2021-02-17,Smolyan,SML,103532,869,72,25,0,311.0
2021-02-17,Sofiya-Grad,SOF,1328790,26753,592,775,470,6614.0
2021-02-17,Stara Zagora,SZR,313396,2740,92,0,0,865.0
2021-02-17,Targovishte,TGV,110914,923,0,0,0,259.0
2021-02-17,Montana,TUE,127001,945,60,0,0,368.0
2021-02-17,Varna,VAR,469885,6310,339,0,0,1643.0
2021-02-17,Vidin,VID,82835,737,66,0,0,227.0
2021-02-17,Vratsa,VRC,159470,1167,24,0,0,427.0
2021-02-17,Veliko Tarnovo,VTR,232568,2150,101,0,0,680.0
2021-02-18,Burgas,BGS,409265,4466,40,31,0,1202.0
2021-02-18,Blagoevgrad,BLG,302694,1972,60,0,0,673.0
2021-02-18,Dobrich,DOB,171809,1463,12,0,0,440.0
2021-02-18,Gabrovo,GAB,106598,1429,30,21,0,425.0
2021-02-18,Haskovo,HKV,225317,1617,120,0,0,557.0
2021-02-18,Yambol,JAM,117335,1060,50,0,0,338.0
2021-02-18,Kyustendil,KNL,116915,1094,37,30,0,352.0
2021-02-18,Kardzhali,KRZ,158204,1011,120,33,0,330.0
2021-02-18,Lovech,LOV,122546,1298,24,0,0,404.0
2021-02-18,Montana,MON,127001,1005,60,0,0,404.0
2021-02-18,Pazardzhik,PAZ,252776,2342,36,0,0,740.0
2021-02-18,Plovdiv,PDV,666801,8325,54,285,0,2365.0
2021-02-18,Pernik,PER,119190,1025,78,0,0,286.0
2021-02-18,Pleven,PVN,236305,3066,48,31,0,873.0
2021-02-18,Razgrad,RAZ,110789,1224,204,0,0,388.0
2021-02-18,Ruse,RSE,215477,2496,48,0,0,733.0
2021-02-18,Sofiya-Oblast,SFO,226671,2444,54,40,0,616.0
2021-02-18,Shumen,SHU,172262,1731,36,0,0,479.0
2021-02-18,Silistra,SLS,108018,1001,36,0,0,274.0
2021-02-18,Sliven,SLV,184119,1383,145,0,0,488.0
2021-02-18,Smolyan,SML,103532,967,12,86,0,322.0
2021-02-18,Sofiya-Grad,SOF,1328790,28849,433,1017,646,7039.0
2021-02-18,Stara Zagora,SZR,313396,2794,54,0,0,914.0
2021-02-18,Targovishte,TGV,110914,973,30,20,0,289.0
2021-02-18,Varna,VAR,469885,6698,388,0,0,1743.0
2021-02-18,Vidin,VID,82835,766,29,0,0,239.0
2021-02-18,Vratsa,VRC,159470,1223,46,10,0,469.0
2021-02-18,Veliko Tarnovo,VTR,232568,2198,48,0,0,725.0
2021-02-19,Burgas,BGS,409265,4668,169,33,0,1268.0
2021-02-19,Blagoevgrad,BLG,302694,2060,66,22,0,705.0
2021-02-19,Dobrich,DOB,171809,1493,30,0,0,470.0
2021-02-19,Gabrovo,GAB,106598,1498,48,21,0,465.0
2021-02-19,Haskovo,HKV,225317,1677,60,0,0,578.0
2021-02-19,Yambol,JAM,117335,1125,59,6,0,392.0
2021-02-19,Kyustendil,KNL,116915,1252,108,50,0,382.0
2021-02-19,Kardzhali,KRZ,158204,1062,18,33,0,330.0
2021-02-19,Lovech,LOV,122546,1382,24,60,0,423.0
2021-02-19,Montana,MON,127001,1047,42,0,0,410.0
2021-02-19,Pazardzhik,PAZ,252776,2426,84,0,0,783.0
2021-02-19,Plovdiv,PDV,666801,8466,66,75,0,2431.0
2021-02-19,Pernik,PER,119190,1097,72,0,0,299.0
2021-02-19,Pleven,PVN,236305,3216,48,102,0,898.0
2021-02-19,Razgrad,RAZ,110789,1266,42,0,0,388.0
2021-02-19,Ruse,RSE,215477,2512,6,10,0,736.0
2021-02-19,Sofiya-Oblast,SFO,226671,2514,30,40,0,646.0
2021-02-19,Shumen,SHU,172262,1767,36,0,0,511.0
2021-02-19,Silistra,SLS,108018,1049,48,0,0,320.0
2021-02-19,Sliven,SLV,184119,1491,108,0,0,494.0
2021-02-19,Smolyan,SML,103532,1032,6,59,0,327.0
2021-02-19,Sofiya-Grad,SOF,1328790,31227,632,892,854,7601.0
2021-02-19,Stara Zagora,SZR,313396,2884,36,54,0,949.0
2021-02-19,Targovishte,TGV,110914,999,6,20,0,294.0
2021-02-19,Varna,VAR,469885,7032,334,0,0,1856.0
2021-02-19,Vidin,VID,82835,773,7,0,0,239.0
2021-02-19,Vratsa,VRC,159470,1271,38,10,0,502.0
2021-02-19,Veliko Tarnovo,VTR,232568,2228,30,0,0,744.0
2021-02-20,Burgas,BGS,409265,5348,259,421,0,1313.0
2021-02-20,Blagoevgrad,BLG,302694,2650,155,435,0,735.0
2021-02-20,Dobrich,DOB,171809,1804,60,251,0,488.0
2021-02-20,Gabrovo,GAB,106598,1783,36,189,60,499.0
2021-02-20,Haskovo,HKV,225317,2021,72,262,10,590.0
2021-02-20,Yambol,JAM,117335,1315,33,157,0,392.0
2021-02-20,Kyustendil,KNL,116915,1464,42,170,0,420.0
2021-02-20,Kardzhali,KRZ,158204,1368,42,264,0,358.0
2021-02-20,Lovech,LOV,122546,1474,24,68,0,423.0
2021-02-20,Montana,MON,127001,1305,48,210,0,410.0
2021-02-20,Pazardzhik,PAZ,252776,2987,58,503,0,830.0
2021-02-20,Plovdiv,PDV,666801,10025,293,1266,0,2592.0
2021-02-20,Pernik,PER,119190,1287,190,0,0,300.0
2021-02-20,Pleven,PVN,236305,3872,536,120,0,953.0
2021-02-20,Razgrad,RAZ,110789,1495,229,0,0,388.0
2021-02-20,Ruse,RSE,215477,2876,174,190,0,816.0
2021-02-20,Sofiya-Oblast,SFO,226671,3090,66,510,0,672.0
2021-02-20,Shumen,SHU,172262,2098,54,277,0,549.0
2021-02-20,Silistra,SLS,108018,1314,12,253,0,332.0
2021-02-20,Sliven,SLV,184119,1609,108,10,0,494.0
2021-02-20,Smolyan,SML,103532,1354,48,274,0,345.0
2021-02-20,Sofiya-Grad,SOF,1328790,33960,733,1386,614,8075.0
2021-02-20,Stara Zagora,SZR,313396,3369,78,407,0,979.0
2021-02-20,Targovishte,TGV,110914,1217,168,50,0,324.0
2021-02-20,Varna,VAR,469885,8132,1017,83,0,1922.0
2021-02-20,Vidin,VID,82835,952,27,152,0,242.0
2021-02-20,Vratsa,VRC,159470,1519,179,69,0,516.0
2021-02-20,Veliko Tarnovo,VTR,232568,2580,79,273,0,793.0
2021-02-21,Burgas,BGS,409265,5862,60,454,0,1373.0
2021-02-21,Blagoevgrad,BLG,302694,2692,12,30,0,742.0
2021-02-21,Dobrich,DOB,171809,1836,0,32,0,488.0
2021-02-21,Gabrovo,GAB,106598,1783,0,0,0,499.0
2021-02-21,Haskovo,HKV,225317,2102,0,51,30,590.0
2021-02-21,Yambol,JAM,117335,1387,44,28,0,392.0
2021-02-21,Kyustendil,KNL,116915,1601,42,95,0,420.0
2021-02-21,Kardzhali,KRZ,158204,1401,0,33,0,358.0
2021-02-21,Lovech,LOV,122546,1476,0,2,0,423.0
2021-02-21,Montana,MON,127001,1327,0,22,0,410.0
2021-02-21,Pazardzhik,PAZ,252776,3194,24,183,0,854.0
2021-02-21,Plovdiv,PDV,666801,10125,0,100,0,2592.0
2021-02-21,Pernik,PER,119190,1317,30,0,0,300.0
2021-02-21,Pleven,PVN,236305,3910,38,0,0,953.0
2021-02-21,Razgrad,RAZ,110789,1525,30,0,0,388.0
2021-02-21,Ruse,RSE,215477,2896,0,20,0,816.0
2021-02-21,Sofiya-Oblast,SFO,226671,3164,0,74,0,672.0
2021-02-21,Shumen,SHU,172262,2164,0,66,0,549.0
2021-02-21,Silistra,SLS,108018,1401,0,87,0,332.0
2021-02-21,Sliven,SLV,184119,1639,0,30,0,494.0
2021-02-21,Smolyan,SML,103532,1407,18,35,0,345.0
2021-02-21,Sofiya-Grad,SOF,1328790,36014,237,1640,177,8151.0
2021-02-21,Stara Zagora,SZR,313396,3436,0,67,0,979.0
2021-02-21,Targovishte,TGV,110914,1253,6,30,0,330.0
2021-02-21,Varna,VAR,469885,8323,131,60,0,1922.0
2021-02-21,Vidin,VID,82835,960,0,8,0,242.0
2021-02-21,Vratsa,VRC,159470,1546,6,21,0,516.0
2021-02-21,Veliko Tarnovo,VTR,232568,2615,6,29,0,793.0
2021-02-22,Burgas,BGS,409265,6790,0,928,0,1373.0
2021-02-22,Blagoevgrad,BLG,302694,2869,0,177,0,742.0
2021-02-22,Dobrich,DOB,171809,2075,0,239,0,488.0
2021-02-22,Gabrovo,GAB,106598,1945,0,152,10,499.0
2021-02-22,Haskovo,HKV,225317,2289,0,187,0,590.0
2021-02-22,Yambol,JAM,117335,1588,62,139,0,392.0
2021-02-22,Kyustendil,KNL,116915,1807,24,161,21,420.0
2021-02-22,Kardzhali,KRZ,158204,1652,0,251,0,358.0
2021-02-22,Lovech,LOV,122546,1555,0,79,0,423.0
2021-02-22,Montana,MON,127001,1389,0,62,0,410.0
2021-02-22,Pazardzhik,PAZ,252776,3674,0,480,0,854.0
2021-02-22,Plovdiv,PDV,666801,10800,0,675,0,2592.0
2021-02-22,Pernik,PER,119190,1554,237,0,0,300.0
2021-02-22,Pleven,PVN,236305,4374,140,284,40,953.0
2021-02-22,Razgrad,RAZ,110789,1645,7,113,0,388.0
2021-02-22,Ruse,RSE,215477,3241,24,321,0,816.0
2021-02-22,Sofiya-Oblast,SFO,226671,3909,0,745,0,672.0
2021-02-22,Shumen,SHU,172262,2389,0,225,0,549.0
2021-02-22,Silistra,SLS,108018,1652,0,251,0,332.0
2021-02-22,Sliven,SLV,184119,1799,0,160,0,494.0
2021-02-22,Smolyan,SML,103532,1587,6,174,0,345.0
2021-02-22,Sofiya-Grad,SOF,1328790,39292,124,3154,0,8201.0
2021-02-22,Stara Zagora,SZR,313396,3667,0,231,0,979.0
2021-02-22,Targovishte,TGV,110914,1266,0,13,0,330.0
2021-02-22,Varna,VAR,469885,8829,112,394,0,1922.0
2021-02-22,Vidin,VID,82835,1013,0,53,0,242.0
2021-02-22,Vratsa,VRC,159470,1860,150,164,0,516.0
2021-02-22,Veliko Tarnovo,VTR,232568,2844,0,229,0,793.0
2021-02-23,Burgas,BGS,409265,7684,133,761,0,1497.0
2021-02-23,Blagoevgrad,BLG,302694,3173,0,261,43,742.0
2021-02-23,Dobrich,DOB,171809,2176,0,101,0,488.0
2021-02-23,Gabrovo,GAB,106598,2193,0,228,20,499.0
2021-02-23,Haskovo,HKV,225317,2548,0,249,10,590.0
2021-02-23,Yambol,JAM,117335,1703,27,88,0,392.0
2021-02-23,Kyustendil,KNL,116915,2038,6,225,0,426.0
2021-02-23,Kardzhali,KRZ,158204,1836,0,184,0,358.0
2021-02-23,Lovech,LOV,122546,1638,0,83,0,423.0
2021-02-23,Montana,MON,127001,1532,6,137,0,410.0
2021-02-23,Pazardzhik,PAZ,252776,4080,24,382,0,869.0
2021-02-23,Plovdiv,PDV,666801,11758,186,772,0,2761.0
2021-02-23,Pernik,PER,119190,1802,248,0,0,302.0
2021-02-23,Pleven,PVN,236305,4578,7,186,11,953.0
2021-02-23,Razgrad,RAZ,110789,1695,13,37,0,388.0
2021-02-23,Ruse,RSE,215477,3436,0,195,0,816.0
2021-02-23,Sofiya-Oblast,SFO,226671,4325,0,416,0,673.0
2021-02-23,Shumen,SHU,172262,2591,30,172,0,549.0
2021-02-23,Silistra,SLS,108018,1795,0,143,0,332.0
2021-02-23,Sliven,SLV,184119,1932,0,133,0,494.0
2021-02-23,Smolyan,SML,103532,1693,6,100,0,345.0
2021-02-23,Sofiya-Grad,SOF,1328790,43744,672,3370,410,8645.0
2021-02-23,Stara Zagora,SZR,313396,4003,0,336,0,979.0
2021-02-23,Targovishte,TGV,110914,1357,0,91,0,330.0
2021-02-23,Varna,VAR,469885,9516,384,303,0,2104.0
2021-02-23,Vidin,VID,82835,1139,30,96,0,272.0
2021-02-23,Vratsa,VRC,159470,2127,73,194,0,520.0
2021-02-23,Veliko Tarnovo,VTR,232568,2971,37,90,0,795.0
2021-02-24,Burgas,BGS,409265,8684,136,864,0,1603.0
2021-02-24,Blagoevgrad,BLG,302694,3710,0,537,0,742.0
2021-02-24,Dobrich,DOB,171809,2416,60,180,0,488.0
2021-02-24,Gabrovo,GAB,106598,2597,127,267,10,500.0
2021-02-24,Haskovo,HKV,225317,2858,30,280,0,620.0
2021-02-24,Yambol,JAM,117335,1988,55,230,0,392.0
2021-02-24,Kyustendil,KNL,116915,2331,44,249,0,426.0
2021-02-24,Kardzhali,KRZ,158204,2207,0,371,0,358.0
2021-02-24,Lovech,LOV,122546,1799,50,111,0,443.0
2021-02-24,Montana,MON,127001,1766,6,228,0,415.0
2021-02-24,Pazardzhik,PAZ,252776,4563,72,411,0,940.0
2021-02-24,Plovdiv,PDV,666801,13051,240,1053,0,2996.0
2021-02-24,Pernik,PER,119190,2177,295,70,10,332.0
2021-02-24,Pleven,PVN,236305,5263,327,358,0,1207.0
2021-02-24,Razgrad,RAZ,110789,1956,28,233,0,388.0
2021-02-24,Ruse,RSE,215477,3939,6,497,0,822.0
2021-02-24,Sofiya-Oblast,SFO,226671,5058,118,615,0,785.0
2021-02-24,Shumen,SHU,172262,3035,42,402,0,550.0
2021-02-24,Silistra,SLS,108018,2009,72,142,0,332.0
2021-02-24,Sliven,SLV,184119,2155,0,223,0,494.0
2021-02-24,Smolyan,SML,103532,1930,0,237,0,345.0
2021-02-24,Sofiya-Grad,SOF,1328790,49203,980,3985,494,9224.0
2021-02-24,Stara Zagora,SZR,313396,4473,0,470,0,979.0
2021-02-24,Targovishte,TGV,110914,1613,102,154,0,356.0
2021-02-24,Varna,VAR,469885,10438,401,521,0,2311.0
2021-02-24,Vidin,VID,82835,1278,15,124,0,287.0
2021-02-24,Vratsa,VRC,159470,2399,42,230,0,522.0
2021-02-24,Veliko Tarnovo,VTR,232568,3330,48,311,0,820.0
2021-02-25,Burgas,BGS,409265,9947,301,962,0,1871.0
2021-02-25,Blagoevgrad,BLG,302694,4484,114,650,10,855.0
2021-02-25,Dobrich,DOB,171809,2661,6,239,0,492.0
2021-02-25,Gabrovo,GAB,106598,3051,199,255,0,598.0
2021-02-25,Haskovo,HKV,225317,3369,30,481,0,620.0
2021-02-25,Yambol,JAM,117335,2401,42,371,0,395.0
2021-02-25,Kyustendil,KNL,116915,2665,44,279,11,438.0
2021-02-25,Kardzhali,KRZ,158204,2537,18,312,0,376.0
2021-02-25,Lovech,LOV,122546,2092,141,152,0,562.0
2021-02-25,Montana,MON,127001,2086,12,308,0,425.0
2021-02-25,Pazardzhik,PAZ,252776,5107,36,508,0,974.0
2021-02-25,Plovdiv,PDV,666801,14568,344,1173,0,3332.0
2021-02-25,Pernik,PER,119190,2508,79,240,12,344.0
2021-02-25,Pleven,PVN,236305,5955,164,528,0,1360.0
2021-02-25,Razgrad,RAZ,110789,2296,0,340,0,388.0
2021-02-25,Ruse,RSE,215477,4550,34,577,0,855.0
2021-02-25,Sofiya-Oblast,SFO,226671,5656,87,511,0,870.0
2021-02-25,Shumen,SHU,172262,3378,114,229,0,559.0
2021-02-25,Silistra,SLS,108018,2165,90,66,0,412.0
2021-02-25,Sliven,SLV,184119,2545,12,378,0,503.0
2021-02-25,Smolyan,SML,103532,2275,6,339,0,345.0
2021-02-25,Sofiya-Grad,SOF,1328790,55091,936,4550,402,9804.0
2021-02-25,Stara Zagora,SZR,313396,5011,115,423,0,1081.0
2021-02-25,Targovishte,TGV,110914,1961,143,205,0,369.0
2021-02-25,Varna,VAR,469885,11665,481,746,0,2505.0
2021-02-25,Vidin,VID,82835,1493,0,215,0,287.0
2021-02-25,Vratsa,VRC,159470,2850,85,366,0,522.0
2021-02-25,Veliko Tarnovo,VTR,232568,4095,136,629,0,866.0
2021-02-26,Blagoevgrad,BLG,302694,5348,90,774,0,924.0
2021-02-26,Burgas,BGS,409265,11462,539,976,0,2081.0
2021-02-26,Dobrich,DOB,171809,2858,30,167,0,513.0
2021-02-26,Gabrovo,GAB,106598,3551,220,280,0,705.0
2021-02-26,Haskovo,HKV,225317,3831,102,350,10,650.0
2021-02-26,Kardzhali,KRZ,158204,2704,36,131,0,376.0
2021-02-26,Kyustendil,KNL,116915,2979,99,205,10,484.0
2021-02-26,Lovech,LOV,122546,2414,139,183,0,654.0
2021-02-26,Montana,MON,127001,2377,6,285,0,425.0
2021-02-26,Pazardzhik,PAZ,252776,5602,149,346,0,1112.0
2021-02-26,Pernik,PER,119190,2829,141,180,0,391.0
2021-02-26,Pleven,PVN,236305,6934,185,794,0,1517.0
2021-02-26,Plovdiv,PDV,666801,15790,302,920,0,3606.0
2021-02-26,Razgrad,RAZ,110789,2696,0,400,0,388.0
2021-02-26,Ruse,RSE,215477,5097,254,293,0,1096.0
2021-02-26,Shumen,SHU,172262,3789,178,233,0,608.0
2021-02-26,Silistra,SLS,108018,2515,96,254,0,465.0
2021-02-26,Sliven,SLV,184119,3099,0,554,0,503.0
2021-02-26,Smolyan,SML,103532,2569,30,264,0,374.0
2021-02-26,Sofiya-Grad,SOF,1328790,60141,628,3825,597,10254.0
2021-02-26,Sofiya-Oblast,SFO,226671,6204,144,404,0,1013.0
2021-02-26,Stara Zagora,SZR,313396,5664,308,345,0,1255.0
2021-02-26,Targovishte,TGV,110914,2275,119,195,0,374.0
2021-02-26,Varna,VAR,469885,12954,568,721,0,2712.0
2021-02-26,Veliko Tarnovo,VTR,232568,5028,255,678,0,1000.0
2021-02-26,Vidin,VID,82835,1743,30,220,0,317.0
2021-02-26,Vratsa,VRC,159470,3271,37,384,0,527.0
2021-02-26,Yambol,JAM,117335,2788,74,313,0,395.0
2021-02-28,Blagoevgrad,BLG,302694,6034,35,92,0,972.0
2021-02-28,Burgas,BGS,409265,13051,137,228,0,2361.0
2021-02-28,Dobrich,DOB,171809,3281,55,70,0,559.0
2021-02-28,Gabrovo,GAB,106598,3911,0,31,0,716.0
2021-02-28,Haskovo,HKV,225317,4298,0,23,0,650.0
2021-02-28,Kardzhali,KRZ,158204,2963,42,37,0,376.0
2021-02-28,Kyustendil,KNL,116915,3439,164,11,0,544.0
2021-02-28,Lovech,LOV,122546,2709,0,59,0,684.0
2021-02-28,Montana,MON,127001,2652,6,40,0,425.0
2021-02-28,Pazardzhik,PAZ,252776,6051,0,98,2,1204.0
2021-02-28,Pernik,PER,119190,3101,0,30,0,430.0
2021-02-28,Pleven,PVN,236305,7811,0,201,0,1705.0
2021-02-28,Plovdiv,PDV,666801,17057,276,152,0,3745.0
2021-02-28,Razgrad,RAZ,110789,2827,0,1,0,388.0
2021-02-28,Ruse,RSE,215477,5453,0,92,0,1256.0
2021-02-28,Shumen,SHU,172262,4190,30,54,0,641.0
2021-02-28,Silistra,SLS,108018,2756,0,77,0,519.0
2021-02-28,Sliven,SLV,184119,3596,0,120,0,503.0
2021-02-28,Smolyan,SML,103532,2863,1,48,0,468.0
2021-02-28,Sofiya-Grad,SOF,1328790,66558,53,1176,420,10936.0
2021-02-28,Sofiya-Oblast,SFO,226671,6762,138,120,11,1148.0
2021-02-28,Stara Zagora,SZR,313396,6393,116,116,0,1367.0
2021-02-28,Targovishte,TGV,110914,2548,30,31,0,374.0
2021-02-28,Varna,VAR,469885,14395,115,204,0,2998.0
2021-02-28,Veliko Tarnovo,VTR,232568,6144,99,108,21,1094.0
2021-02-28,Vidin,VID,82835,1910,0,18,0,335.0
2021-02-28,Vratsa,VRC,159470,3808,125,110,0,530.0
2021-02-28,Yambol,JAM,117335,3199,32,66,0,439.0
2021-03-01,Blagoevgrad,BLG,302694,6102,30,38,0,972.0
2021-03-01,Burgas,BGS,409265,13106,38,17,0,2361.0
2021-03-01,Dobrich,DOB,171809,3405,0,124,0,559.0
2021-03-01,Gabrovo,GAB,106598,3992,28,53,0,716.0
2021-03-01,Haskovo,HKV,225317,4298,0,0,0,650.0
2021-03-01,Kardzhali,KRZ,158204,2963,0,0,0,376.0
2021-03-01,Kyustendil,KNL,116915,3439,0,0,0,544.0
2021-03-01,Lovech,LOV,122546,2729,0,20,0,684.0
2021-03-01,Montana,MON,127001,2686,0,34,0,425.0
2021-03-01,Pazardzhik,PAZ,252776,6099,0,48,0,1204.0
2021-03-01,Pernik,PER,119190,3113,0,12,0,430.0
2021-03-01,Pleven,PVN,236305,7901,0,90,0,1705.0
2021-03-01,Plovdiv,PDV,666801,17447,153,237,0,3745.0
2021-03-01,Razgrad,RAZ,110789,2827,0,0,0,388.0
2021-03-01,Ruse,RSE,215477,5553,60,40,0,1256.0
2021-03-01,Shumen,SHU,172262,4269,0,79,0,641.0
2021-03-01,Silistra,SLS,108018,2778,0,22,0,519.0
2021-03-01,Sliven,SLV,184119,3686,0,90,0,503.0
2021-03-01,Smolyan,SML,103532,2957,0,94,0,468.0
2021-03-01,Sofiya-Grad,SOF,1328790,67262,1,545,158,10936.0
2021-03-01,Sofiya-Oblast,SFO,226671,6913,36,115,0,1148.0
2021-03-01,Stara Zagora,SZR,313396,6586,118,75,0,1367.0
2021-03-01,Targovishte,TGV,110914,2558,0,10,0,374.0
2021-03-01,Varna,VAR,469885,14475,18,62,0,2998.0
2021-03-01,Veliko Tarnovo,VTR,232568,6260,12,92,12,1106.0
2021-03-01,Vidin,VID,82835,1910,0,0,0,335.0
2021-03-01,Vratsa,VRC,159470,3908,0,100,0,530.0
2021-03-01,Yambol,JAM,117335,3223,24,0,0,439.0
2021-03-02,Blagoevgrad,BLG,302694,6548,17,429,0,972.0
2021-03-02,Burgas,BGS,409265,13603,126,371,0,2475.0
2021-03-02,Dobrich,DOB,171809,3536,96,35,0,605.0
2021-03-02,Gabrovo,GAB,106598,4235,43,200,0,716.0
2021-03-02,Haskovo,HKV,225317,4570,0,272,0,650.0
2021-03-02,Kardzhali,KRZ,158204,3055,36,56,0,412.0
2021-03-02,Kyustendil,KNL,116915,3592,24,129,0,568.0
2021-03-02,Lovech,LOV,122546,2813,0,84,0,684.0
2021-03-02,Montana,MON,127001,2855,66,103,0,425.0
2021-03-02,Pazardzhik,PAZ,252776,6656,174,383,0,1204.0
2021-03-02,Pernik,PER,119190,3141,0,28,0,430.0
2021-03-02,Pleven,PVN,236305,8194,67,226,0,1705.0
2021-03-02,Plovdiv,PDV,666801,18147,550,150,0,3836.0
2021-03-02,Razgrad,RAZ,110789,3016,145,44,0,410.0
2021-03-02,Ruse,RSE,215477,5681,6,122,0,1256.0
2021-03-02,Shumen,SHU,172262,4402,78,55,0,689.0
2021-03-02,Silistra,SLS,108018,2903,114,11,0,519.0
2021-03-02,Sliven,SLV,184119,4052,185,181,0,503.0
2021-03-02,Smolyan,SML,103532,3091,35,99,0,468.0
2021-03-02,Sofiya-Grad,SOF,1328790,70833,682,2211,678,11638.0
2021-03-02,Sofiya-Oblast,SFO,226671,7466,240,302,11,1192.0
2021-03-02,Stara Zagora,SZR,313396,6969,80,303,0,1370.0
2021-03-02,Targovishte,TGV,110914,2773,78,137,0,404.0
2021-03-02,Varna,VAR,469885,15234,373,386,0,3228.0
2021-03-02,Veliko Tarnovo,VTR,232568,6535,106,139,30,1106.0
2021-03-02,Vidin,VID,82835,2035,30,95,0,335.0
2021-03-02,Vratsa,VRC,159470,4194,78,208,0,536.0
2021-03-02,Yambol,JAM,117335,3410,52,135,0,439.0
2021-03-03,Blagoevgrad,BLG,302694,7346,179,619,0,1084.0
2021-03-03,Burgas,BGS,409265,14688,403,682,0,2614.0
2021-03-03,Dobrich,DOB,171809,3946,254,156,0,694.0
2021-03-03,Gabrovo,GAB,106598,4434,0,199,0,716.0
2021-03-03,Haskovo,HKV,225317,5629,512,547,0,683.0
2021-03-03,Kardzhali,KRZ,158204,3440,185,200,0,453.0
2021-03-03,Kyustendil,KNL,116915,3926,67,267,0,568.0
2021-03-03,Lovech,LOV,122546,3104,129,162,0,685.0
2021-03-03,Montana,MON,127001,3282,138,289,0,487.0
2021-03-03,Pazardzhik,PAZ,252776,7499,218,625,0,1204.0
2021-03-03,Pernik,PER,119190,3563,120,302,0,440.0
2021-03-03,Pleven,PVN,236305,9124,478,452,0,1729.0
2021-03-03,Plovdiv,PDV,666801,19620,737,736,0,4158.0
2021-03-03,Razgrad,RAZ,110789,3435,219,200,0,622.0
2021-03-03,Ruse,RSE,215477,6311,178,452,0,1318.0
2021-03-03,Shumen,SHU,172262,4819,198,219,0,852.0
2021-03-03,Silistra,SLS,108018,3092,90,99,0,519.0
2021-03-03,Sliven,SLV,184119,4622,162,408,0,580.0
2021-03-03,Smolyan,SML,103532,3440,108,241,0,468.0
2021-03-03,Sofiya-Grad,SOF,1328790,75374,878,2641,1022,12361.0
2021-03-03,Sofiya-Oblast,SFO,226671,8004,258,280,0,1300.0
2021-03-03,Stara Zagora,SZR,313396,7616,196,451,0,1450.0
2021-03-03,Targovishte,TGV,110914,3173,144,256,0,458.0
2021-03-03,Varna,VAR,469885,16472,608,630,0,3508.0
2021-03-03,Veliko Tarnovo,VTR,232568,7004,87,362,20,1110.0
2021-03-03,Vidin,VID,82835,2450,150,265,0,359.0
2021-03-03,Vratsa,VRC,159470,4629,228,207,0,666.0
2021-03-03,Yambol,JAM,117335,3730,61,259,0,439.0
2021-03-04,Blagoevgrad,BLG,302694,7660,170,144,0,1084.0
2021-03-04,Burgas,BGS,409265,14936,2,246,0,2616.0
2021-03-04,Dobrich,DOB,171809,4039,42,51,0,717.0
2021-03-04,Gabrovo,GAB,106598,4474,40,0,0,750.0
2021-03-04,Haskovo,HKV,225317,5999,282,78,10,736.0
2021-03-04,Kardzhali,KRZ,158204,3717,264,13,0,459.0
2021-03-04,Kyustendil,KNL,116915,3983,24,33,0,568.0
2021-03-04,Lovech,LOV,122546,3220,72,44,0,708.0
2021-03-04,Montana,MON,127001,3488,0,206,0,487.0
2021-03-04,Pazardzhik,PAZ,252776,7698,7,192,0,1204.0
2021-03-04,Pernik,PER,119190,3595,12,20,0,452.0
2021-03-04,Pleven,PVN,236305,9242,6,112,0,1735.0
2021-03-04,Plovdiv,PDV,666801,19664,24,20,0,4158.0
2021-03-04,Razgrad,RAZ,110789,3470,0,35,0,622.0
2021-03-04,Ruse,RSE,215477,6361,0,50,0,1318.0
2021-03-04,Shumen,SHU,172262,4897,0,78,0,852.0
2021-03-04,Silistra,SLS,108018,3246,0,154,0,519.0
2021-03-04,Sliven,SLV,184119,4664,0,42,0,580.0
2021-03-04,Smolyan,SML,103532,3521,12,69,0,468.0
2021-03-04,Sofiya-Grad,SOF,1328790,76550,402,437,337,12530.0
2021-03-04,Sofiya-Oblast,SFO,226671,8134,6,124,0,1300.0
2021-03-04,Stara Zagora,SZR,313396,7681,1,64,0,1450.0
2021-03-04,Targovishte,TGV,110914,3173,0,0,0,458.0
2021-03-04,Varna,VAR,469885,16712,147,93,0,3510.0
2021-03-04,Veliko Tarnovo,VTR,232568,7051,0,47,0,1110.0
2021-03-04,Vidin,VID,82835,2508,36,22,0,359.0
2021-03-04,Vratsa,VRC,159470,4722,18,75,0,684.0
2021-03-04,Yambol,JAM,117335,3764,0,34,0,439.0
