"Дата","BLG_ALL","BLG_ACT","BGS_ALL","BGS_ACT","VAR_ALL","VAR_ACT","VTR_ALL","VTR_ACT","VID_ALL","VID_ACT","VRC_ALL","VRC_ACT","GAB_ALL","GAB_ACT","DOB_ALL","DOB_ACT","KRZ_ALL","KRZ_ACT","KNL_ALL","KNL_ACT","LOV_ALL","LOV_ACT","MON_ALL","MON_ACT","PAZ_ALL","PAZ_ACT","PER_ALL","PER_ACT","PVN_ALL","PVN_ACT","PDV_ALL","PDV_ACT","RAZ_ALL","RAZ_ACT","RSE_ALL","RSE_ACT","SLS_ALL","SLS_ACT","SLV_ALL","SLV_ACT","SML_ALL","SML_ACT","SFO_ALL","SFO_ACT","SOF_ALL","SOF_ACT","SZR_ALL","SZR_ACT","TGV_ALL","TGV_ACT","HKV_ALL","HKV_ACT","SHU_ALL","SHU_ACT","JAM_ALL","JAM_ACT"
"2020/06/06","144","76","54","4","26","0","29","11","190","49","15","2","10","3","14","0","17","2","95","6","7","2","23","6","152","106","42","5","221","56","99","11","27","21","17","3","5","0","112","29","43","8","88","59","993","392","40","7","1","0","30","8","13","9","161","105"
"2020/06/07","144","75","54","4","26","0","29","5","190","49","15","2","10","2","14","0","17","2","95","6","7","2","23","6","173","125","43","6","221","50","99","11","29","23","17","3","5","0","122","37","44","8","89","60","997","398","40","7","1","0","30","8","15","11","162","106"
"2020/06/08","146","79","54","4","26","0","29","5","190","49","15","2","10","2","14","0","17","2","95","6","7","2","23","6","175","126","43","6","221","50","99","11","29","23","17","3","5","0","124","38","44","8","89","60","1007","406","40","7","1","0","30","8","15","10","162","106"
"2020/06/09","148","67","54","4","26","0","29","5","190","42","15","3","10","2","14","0","17","2","95","4","8","3","23","5","178","129","43","6","222","43","99","11","32","26","17","3","5","0","125","39","96","60","93","66","1021","406","41","7","1","0","30","8","16","12","162","106"
"2020/06/10","148","67","56","4","26","0","29","5","190","41","16","4","10","2","14","0","18","3","95","4","8","3","23","5","194","134","43","5","226","39","100","12","34","28","17","3","5","0","141","55","96","60","98","69","1039","411","41","7","1","0","30","8","28","24","163","106"
"2020/06/11","150","64","56","5","26","0","30","6","190","41","16","4","10","2","14","0","19","4","95","4","8","3","23","5","196","132","44","6","230","37","100","10","37","31","17","3","5","0","149","59","137","101","102","73","1058","409","56","22","1","0","31","9","30","26","163","106"
"2020/06/12","150","64","57","5","26","0","30","6","191","39","16","4","11","4","15","1","31","16","95","4","11","6","23","5","198","134","44","5","234","39","102","12","39","31","17","2","5","0","158","65","139","102","104","75","1091","442","57","22","1","0","35","13","41","37","165","97"
"2020/06/13","151","55","57","4","26","0","30","6","191","39","17","3","13","6","16","2","33","17","96","5","11","6","23","5","210","143","44","5","237","42","105","15","40","30","17","2","5","0","165","71","147","110","113","83","1108","459","79","44","3","2","36","13","53","49","165","87"
"2020/06/14","151","55","57","4","26","0","30","6","194","42","17","3","15","8","16","2","33","17","101","10","11","6","24","7","210","143","44","5","249","51","106","16","41","31","17","1","5","0","176","79","149","112","120","90","1122","472","82","47","3","2","38","15","63","59","166","88"
"2020/06/15","151","55","57","3","26","0","30","6","194","42","17","3","15","8","17","3","34","18","101","10","12","7","24","7","210","140","44","5","249","51","108","18","41","31","17","1","5","0","176","75","150","113","122","91","1125","476","82","47","7","6","38","14","72","68","166","88"
"2020/06/16","151","45","57","3","27","1","31","7","194","39","17","2","15","8","18","4","35","19","104","11","12","5","24","4","212","135","44","5","256","52","109","16","42","30","17","1","5","0","184","83","150","110","124","86","1141","491","85","50","7","6","38","13","75","71","167","84"
"2020/06/17","151","45","57","3","29","3","31","7","196","41","17","2","15","8","19","5","39","23","117","24","12","5","24","4","222","135","44","3","261","56","111","16","44","27","17","0","5","0","191","83","153","112","139","100","1154","501","88","53","7","5","38","10","102","98","170","86"
"2020/06/18","154","48","57","4","30","4","31","7","196","31","17","1","15","8","19","5","41","24","122","29","16","9","24","4","226","126","46","5","268","61","123","28","46","26","17","0","5","0","195","82","160","119","146","106","1178","520","91","56","7","5","38","10","103","92","171","68"
"2020/06/19","158","52","58","6","31","4","32","8","203","31","17","1","15","6","20","6","43","25","133","40","16","9","24","4","243","131","46","5","273","58","131","36","47","27","17","0","5","0","204","79","165","124","172","131","1208","536","92","57","7","5","38","10","104","92","172","60"
"2020/06/20","163","49","58","5","31","4","32","4","208","31","18","2","15","6","20","7","43","24","139","46","16","9","24","4","243","123","48","6","273","57","133","37","47","26","17","0","5","0","211","83","173","131","184","135","1236","545","93","58","7","5","38","10","107","94","173","53"
"2020/06/21","170","56","61","8","35","8","32","3","213","31","18","2","16","7","20","7","46","27","158","64","16","9","24","5","245","124","49","5","275","59","141","44","47","25","17","0","5","0","217","86","180","138","193","144","1266","571","96","61","7","5","38","9","114","100","173","48"
"2020/06/22","171","57","62","9","37","10","32","3","213","31","18","2","16","7","20","7","46","27","172","78","16","9","24","5","246","125","50","6","275","59","142","45","47","25","17","0","5","0","217","82","180","95","199","150","1272","577","96","61","7","5","38","9","114","100","173","48"
"2020/06/23","172","41","66","12","39","12","33","4","213","31","19","2","16","7","20","6","46","26","173","77","16","9","24","6","249","89","51","7","275","58","143","47","49","26","17","0","5","0","223","88","180","75","212","155","1304","603","101","66","8","6","38","9","114","100","178","44"
"2020/06/24","173","42","75","21","51","24","33","4","214","30","19","2","16","7","20","6","47","25","190","94","17","9","24","6","259","99","55","11","277","57","149","53","51","28","17","0","5","0","235","90","181","67","229","166","1329","618","105","70","8","6","38","9","118","104","179","41"
"2020/06/25","174","43","80","26","53","26","35","6","214","28","21","4","16","7","20","6","49","27","204","104","17","8","27","9","265","105","56","12","278","57","150","51","53","29","18","1","5","0","243","82","202","87","241","173","1367","643","105","70","8","6","38","9","121","107","182","44"
"2020/06/26","180","49","84","29","61","34","38","9","215","30","22","5","18","9","21","7","51","25","217","115","17","7","27","7","269","75","57","13","283","59","163","64","58","33","20","3","5","0","249","85","207","86","256","187","1427","661","110","72","8","6","38","6","125","110","182","41"
"2020/06/27","182","50","99","44","65","38","38","9","216","30","29","12","18","6","21","6","54","28","221","117","17","6","27","6","277","82","58","13","284","46","165","65","60","35","24","7","5","0","253","81","212","91","263","186","1450","670","115","77","10","7","39","3","127","87","184","39"
"2020/06/28","183","51","107","49","70","52","41","13","216","30","29","11","18","6","21","6","55","29","224","119","17","6","27","6","294","98","59","14","285","47","181","81","66","41","26","9","5","0","258","86","213","92","271","189","1479","680","117","79","10","7","39","3","128","88","186","42"
"2020/06/29","185","53","108","50","80","53","41","12","216","30","29","11","18","6","21","6","55","28","241","134","17","6","27","6","298","101","59","14","285","47","187","87","67","42","27","9","5","0","259","77","219","81","276","194","1490","702","117","79","10","7","39","3","128","88","187","38"
"2020/06/30","186","54","113","55","86","59","41","12","216","24","30","13","18","6","21","6","59","32","245","133","17","2","27","4","307","98","59","14","288","44","194","94","69","44","27","9","5","0","262","75","279","141","279","172","1511","720","117","79","11","8","41","5","136","86","187","37"
"2020/07/01","191","59","117","59","90","63","43","14","216","24","30","12","18","6","21","6","59","29","257","145","17","3","28","6","314","103","61","15","288","37","201","96","71","40","30","12","5","0","267","68","315","177","293","175","1554","719","123","85","11","7","41","4","137","78","191","41"
"2020/07/02","202","69","124","66","102","75","43","13","216","24","34","14","20","8","22","7","59","27","266","148","17","3","28","6","317","102","62","15","290","39","234","129","75","43","36","18","5","0","271","70","324","179","299","177","1600","755","125","83","11","8","41","4","137","74","194","44"
"2020/07/03","207","69","132","73","117","89","58","28","216","9","34","13","20","7","22","7","61","31","278","162","19","4","30","8","323","108","63","16","292","36","242","137","77","43","36","17","5","0","277","76","330","176","312","180","1649","779","129","87","11","5","42","4","139","74","194","43"
"2020/07/04","211","71","133","74","128","100","68","35","217","9","38","17","21","9","22","7","64","33","286","168","19","3","30","7","330","97","63","13","296","38","264","155","79","45","36","18","5","0","285","81","337","176","323","174","1718","827","133","82","15","9","42","4","139","74","195","40"
"2020/07/05","214","74","141","81","144","116","84","51","217","9","38","17","21","9","24","9","64","33","292","172","19","3","30","7","339","105","63","14","304","46","275","166","81","46","37","19","5","0","296","91","342","180","334","185","1776","883","137","89","16","10","43","5","144","76","197","42"
"2020/07/06","219","79","141","81","146","118","86","53","217","9","38","17","22","10","24","9","64","33","301","178","19","3","30","7","344","108","63","14","304","46","280","170","81","46","37","19","5","0","297","82","346","182","340","192","1799","908","137","89","16","9","43","5","144","73","197","39"
"2020/07/07","226","87","141","79","163","131","92","59","217","8","38","18","22","9","25","10","67","34","303","180","19","4","30","6","350","101","64","15","304","40","293","182","86","53","41","23","5","0","304","88","347","181","343","185","1885","950","146","98","16","9","45","7","144","72","198","35"
"2020/07/08","236","97","147","86","170","136","92","59","217","7","39","19","25","11","25","10","71","37","312","189","19","3","30","6","352","99","65","15","313","49","318","205","90","57","47","29","9","4","310","94","351","171","353","192","1953","1011","151","101","16","9","45","7","146","71","200","37"
"2020/07/09","253","114","151","81","186","148","100","67","217","7","42","23","27","13","30","15","75","40","324","200","20","4","31","7","359","102","66","16","325","54","339","228","90","51","51","33","10","5","319","103","364","177","365","192","2024","1002","162","112","17","11","46","8","147","68","202","36"
"2020/07/10","272","134","156","85","207","169","113","76","217","5","45","24","29","14","38","23","80","38","334","210","21","5","33","9","361","100","75","24","329","51","381","267","92","52","57","38","11","6","322","102","369","176","388","197","2164","1161","163","113","19","11","46","7","147","46","203","38"
"2020/07/11","291","153","167","95","225","181","121","84","217","5","45","18","32","15","53","38","85","43","345","213","21","5","33","7","372","92","78","26","344","65","424","309","94","45","64","44","12","7","326","102","373","179","400","197","2262","1263","163","113","19","11","46","6","149","37","203","36"
"2020/07/12","304","166","179","107","235","191","130","93","217","6","45","18","32","15","56","41","86","44","353","221","21","5","33","7","378","99","80","28","348","69","447","332","94","44","64","41","14","9","328","103","381","187","406","203","2356","1355","166","116","20","12","47","9","152","40","203","36"
"2020/07/13","311","173","184","112","244","200","132","95","218","7","45","18","32","15","56","41","86","44","356","221","22","6","33","7","379","100","81","29","348","69","455","340","96","43","64","42","14","9","331","105","382","187","408","205","2387","1384","166","116","20","12","47","9","152","40","203","36"
"2020/07/14","313","161","184","109","249","200","136","99","219","7","45","18","32","15","68","52","87","36","360","220","27","11","36","9","380","90","81","26","349","67","474","355","97","42","68","47","14","9","333","105","385","111","414","196","2460","1417","174","121","21","11","47","6","154","41","204","37"
"2020/07/15","332","177","194","118","251","170","140","103","219","4","46","17","33","16","77","61","91","37","370","224","28","12","36","8","385","91","84","26","351","64","498","365","97","37","72","50","14","9","338","110","392","114","425","203","2559","1484","180","102","21","8","49","9","156","42","207","38"
"2020/07/16","347","192","208","129","267","185","148","104","221","6","47","15","35","17","84","67","94","39","373","225","29","13","36","9","391","87","88","29","353","66","519","385","99","36","82","56","15","9","342","104","395","111","435","208","2640","1464","185","98","23","10","55","15","156","40","210","28"
"2020/07/17","362","206","222","138","303","216","154","90","222","7","51","18","43","24","96","76","96","37","384","234","30","13","36","9","396","92","90","30","357","69","538","397","99","29","86","60","15","9","345","107","399","107","445","207","2735","1554","193","104","24","11","55","14","156","36","212","30"
"2020/07/18","374","218","223","135","338","249","169","99","222","7","57","22","43","23","110","89","98","35","396","243","31","14","36","8","402","97","94","33","361","73","576","435","101","29","95","65","17","11","353","106","405","101","458","212","2827","1607","201","108","26","13","59","19","158","33","212","28"
"2020/07/19","402","242","242","148","352","263","184","110","224","9","57","22","43","22","112","91","98","35","401","246","34","17","36","10","405","100","95","34","366","78","590","449","101","29","97","67","19","13","356","96","409","93","472","222","2882","1658","202","109","26","12","60","20","160","34","213","29"
"2020/07/20","411","251","243","149","354","265","184","108","225","10","58","23","45","21","112","91","98","35","406","247","34","17","36","9","412","106","95","34","366","78","613","472","102","30","97","67","19","13","357","96","410","82","472","220","2921","1697","203","110","26","12","60","20","161","35","213","29"
"2020/07/21","417","255","250","154","372","278","188","108","225","10","58","19","47","23","117","94","100","35","419","251","34","16","36","8","415","106","96","35","367","79","623","482","104","28","101","68","19","13","358","97","411","79","484","193","3006","1770","212","118","26","13","61","21","166","38","217","25"
"2020/07/22","442","279","255","152","420","322","200","113","226","10","58","19","52","28","130","106","101","30","426","246","35","16","36","7","423","100","102","40","370","61","673","514","105","28","104","64","20","13","363","96","420","87","492","191","3105","1672","219","124","26","12","67","27","166","37","218","26"
"2020/07/23","477","312","271","159","479","379","204","106","228","12","58","12","66","41","148","123","103","30","439","256","35","11","36","8","430","96","106","40","370","56","703","530","106","27","114","72","26","19","367","87","429","96","501","183","3180","1732","226","130","26","10","68","28","167","36","221","29"
"2020/07/24","511","340","277","144","510","406","213","105","229","13","58","13","74","47","175","146","108","33","446","233","35","11","38","9","435","97","108","41","370","38","730","491","106","24","123","76","26","19","369","84","436","93","511","185","3233","1600","235","138","26","7","72","32","167","29","232","39"
"2020/07/25","537","361","286","146","532","423","222","106","229","11","60","15","82","55","198","165","117","42","454","226","35","10","40","9","448","96","111","39","370","35","769","494","107","22","138","87","26","17","371","77","437","90","518","179","3288","1578","243","144","27","7","72","32","167","26","239","42"
"2020/07/26","552","375","290","148","548","422","222","105","229","11","62","17","89","62","204","171","117","42","458","230","35","12","41","10","453","101","113","41","371","36","777","487","107","22","145","94","31","22","373","72","442","88","522","183","3380","1664","243","144","27","6","74","34","167","26","240","43"
"2020/07/27","572","395","295","152","561","435","222","101","229","11","62","16","97","70","208","175","118","43","459","209","35","12","41","10","457","100","114","42","371","36","800","508","107","22","147","96","31","21","373","69","444","83","526","184","3403","1685","244","145","27","6","75","35","169","28","240","43"
"2020/07/28","591","413","301","156","586","450","225","100","229","11","66","18","102","71","213","174","120","45","464","208","35","15","41","8","464","103","117","42","374","39","816","510","109","19","150","97","31","19","380","75","445","82","533","179","3463","1590","247","148","27","6","80","40","169","27","243","44"
"2020/07/29","613","433","309","150","607","461","234","105","229","11","66","13","111","80","231","192","121","39","473","206","35","16","41","8","473","109","126","47","379","40","840","511","112","19","155","93","36","24","385","70","448","85","546","189","3518","1577","258","154","27","6","83","39","170","28","245","45"
"2020/07/30","651","468","316","140","628","471","237","104","232","14","67","13","119","82","260","221","128","44","486","217","35","15","42","9","475","103","129","48","379","35","864","524","112","18","188","119","36","24","389","69","450","85","549","176","3591","1542","261","156","30","9","85","41","171","28","245","41"
"2020/07/31","679","494","323","143","674","508","239","96","232","14","69","13","122","85","308","267","129","42","493","215","35","15","45","11","481","108","134","50","383","36","877","517","114","16","200","125","36","23","392","71","452","79","554","165","3642","1499","268","158","30","9","89","45","171","26","249","43"
"2020/08/01","734","547","332","145","701","515","240","89","232","14","76","18","132","93","319","277","135","44","501","209","37","17","45","11","486","108","139","53","385","32","901","515","114","15","234","158","41","28","395","61","460","87","562","162","3671","1519","272","154","31","10","91","39","172","25","252","43"
"2020/08/02","745","558","333","146","730","544","242","81","232","14","76","18","133","94","331","289","135","44","505","213","37","15","49","15","493","115","143","57","390","37","916","494","114","16","235","156","45","32","397","58","466","74","566","166","3700","1546","275","157","31","10","92","40","173","25","252","41"
"2020/08/03","746","559","334","139","791","603","242","81","235","17","78","20","135","96","344","302","135","44","509","217","37","15","49","15","494","115","143","57","392","39","924","500","114","16","238","154","45","32","400","61","470","71","566","166","3708","1553","276","158","31","10","93","41","173","24","253","42"
"2020/08/04","756","556","335","132","833","618","245","78","236","16","84","25","135","83","363","317","139","48","509","215","39","17","50","16","502","100","143","49","394","36","937","500","117","16","241","153","47","31","404","65","472","73","574","164","3759","1474","290","172","32","8","93","40","173","23","257","46"
"2020/08/05","799","598","344","127","864","640","252","70","237","16","84","25","146","94","373","271","140","45","511","196","40","18","50","16","510","90","156","58","400","42","969","504","119","18","244","148","51","35","405","59","486","87","579","165","3793","1428","295","164","33","9","95","35","174","24","265","53"
"2020/08/06","896","692","347","129","918","657","255","61","237","13","85","25","148","96","381","277","141","42","511","189","41","18","52","18","519","96","156","55","406","48","1014","522","119","18","247","144","54","35","409","63","499","94","582","163","3821","1396","298","165","36","12","99","30","180","27","266","54"
"2020/08/07","909","701","357","133","943","663","256","54","239","15","89","26","153","82","409","302","142","39","515","193","41","15","53","19","531","108","160","53","416","57","1049","514","135","34","249","135","58","35","410","53","507","100","587","166","3901","1409","307","172","38","13","102","29","184","31","274","54"
"2020/08/08","932","714","363","130","970","680","256","51","239","15","89","25","155","71","424","309","146","36","516","167","41","13","53","17","536","99","163","54","422","60","1066","525","136","34","250","127","61","36","414","54","512","102","590","144","3954","1379","316","174","38","13","106","32","187","30","274","54"
"2020/08/09","947","729","364","128","982","640","260","50","241","17","90","26","159","73","456","340","147","37","517","168","41","13","53","17","540","96","164","55","426","64","1087","541","137","35","253","127","64","39","417","52","513","95","590","144","3971","1393","316","174","38","13","107","33","189","30","274","51"
"2020/08/10","952","734","364","128","984","641","260","48","241","17","90","26","159","67","463","346","147","36","518","169","41","13","55","19","547","99","164","55","426","64","1101","523","137","35","253","120","64","39","417","52","516","97","590","144","3979","1401","316","174","38","13","107","33","192","32","275","52"
"2020/08/11","963","737","367","130","999","652","262","49","241","14","96","30","159","58","475","350","147","36","520","146","44","12","55","16","554","102","165","43","426","57","1113","527","140","38","257","120","64","38","421","53","516","87","592","145","3996","1339","325","182","38","12","110","32","192","30","275","38"
"2020/08/12","987","757","372","117","1013","656","266","51","241","14","96","25","160","56","492","365","147","36","523","117","46","13","55","16","563","102","169","42","431","60","1144","529","141","39","257","104","67","41","423","55","517","87","594","145","4055","1359","336","191","40","14","112","31","196","33","279","42"
"2020/08/13","1010","779","373","113","1046","664","269","49","241","13","96","23","166","60","504","316","147","27","524","90","47","15","55","14","571","108","170","36","431","55","1157","502","142","38","263","105","79","48","425","41","523","84","595","132","4086","1312","339","193","41","15","114","30","200","33","279","37"
"2020/08/14","1045","717","377","107","1060","569","270","47","241","13","97","23","166","54","514","290","149","28","526","64","51","14","55","11","579","114","171","36","438","61","1181","522","143","36","264","85","82","50","425","40","526","79","600","129","4116","1275","344","193","43","17","114","28","210","43","282","39"
"2020/08/15","1065","681","381","110","1084","554","273","48","241","11","97","22","167","53","541","310","152","27","527","50","51","15","55","6","587","112","173","31","439","55","1203","524","143","35","269","87","85","53","427","40","540","93","600","127","4129","1259","350","198","43","16","114","26","224","55","283","39"
"2020/08/16","1079","695","383","112","1090","557","277","50","242","12","97","22","169","55","543","312","152","27","528","51","51","16","55","7","589","107","175","33","447","63","1215","515","143","34","269","87","93","59","427","37","545","89","602","129","4146","1275","350","198","44","18","115","26","224","54","283","37"
"2020/08/17","1085","701","383","112","1092","556","278","48","242","12","97","22","169","55","551","320","153","28","528","50","51","16","55","7","591","109","175","33","447","63","1219","519","143","34","269","76","94","60","427","37","546","83","602","129","4151","1279","350","198","44","18","115","26","225","56","283","34"
"2020/08/18","1097","702","384","108","1105","520","281","49","243","8","97","20","169","40","563","320","156","30","531","52","51","15","55","5","594","100","176","25","447","54","1233","521","147","34","272","76","103","65","429","39","552","89","602","121","4176","1236","359","173","44","18","123","33","226","57","285","36"
"2020/08/19","1125","693","390","110","1123","487","283","43","244","9","97","13","171","42","574","330","162","34","532","48","53","17","55","7","601","106","177","23","448","50","1246","524","147","33","274","60","103","63","435","36","555","91","605","121","4209","1189","367","175","44","15","133","43","231","55","285","34"
"2020/08/20","1149","715","393","101","1135","489","283","41","244","9","100","16","171","35","585","268","168","38","533","48","54","18","55","7","608","106","177","15","451","44","1265","514","148","18","282","62","108","67","435","33","560","93","606","121","4228","1180","374","169","44","15","135","45","236","59","293","36"
"2020/08/21","1160","709","396","94","1147","479","285","42","247","10","100","13","171","30","607","289","170","39","537","50","54","17","59","11","619","100","180","19","452","40","1276","506","150","20","284","58","112","70","435","32","566","85","609","123","4251","1177","378","171","44","14","139","46","239","61","295","38"
"2020/08/22","1181","725","399","94","1155","460","286","40","247","10","100","10","171","27","632","280","170","34","539","48","56","18","61","9","625","101","183","20","455","38","1288","496","150","19","292","63","116","72","438","28","571","88","609","122","4286","1170","382","168","47","16","146","44","247","68","299","42"
"2020/08/23","1197","739","400","95","1159","452","287","39","250","13","102","12","171","23","640","283","170","32","541","50","57","19","63","11","631","105","184","21","455","38","1296","499","150","19","293","63","118","74","438","28","579","88","609","122","4311","1194","382","168","49","18","148","44","248","69","299","42"
"2020/08/24","1214","755","402","97","1162","455","287","38","251","14","102","12","171","23","650","293","170","32","542","50","57","19","63","11","631","105","189","26","455","38","1302","504","150","18","293","57","119","74","438","28","579","84","609","122","4319","1202","382","168","50","19","148","44","253","74","299","42"
"2020/08/25","1221","751","406","95","1167","443","288","37","251","13","102","11","171","20","661","296","170","32","543","48","58","18","65","13","637","110","189","22","456","34","1311","495","151","16","296","54","119","66","438","26","581","82","611","114","4338","1171","390","167","51","20","152","46","253","73","310","53"
"2020/08/26","1257","755","416","96","1177","458","290","38","251","12","104","14","172","21","674","313","172","29","550","55","59","19","66","13","644","115","190","24","462","40","1328","501","151","15","299","56","122","66","438","24","587","84","612","115","4365","1165","404","170","62","29","159","52","260","78","318","59"
"2020/08/27","1279","755","417","94","1187","446","291","34","251","13","105","12","172","14","681","318","173","29","551","53","60","18","71","18","656","124","191","21","464","38","1341","494","152","16","304","55","129","68","439","18","596","80","613","116","4393","1174","411","173","67","32","164","51","266","84","327","67"
"2020/08/28","1300","763","418","92","1204","364","291","30","251","12","105","9","172","14","695","281","178","30","560","49","60","13","71","18","666","129","192","20","464","35","1349","461","152","15","308","57","136","65","439","18","599","80","613","114","4426","1191","422","173","67","32","171","56","270","81","329","68"
"2020/08/29","1319","764","421","90","1214","365","293","32","251","13","105","8","172","9","700","275","181","32","561","47","61","14","75","20","674","130","194","20","468","32","1383","431","152","15","312","56","137","63","441","19","606","83","614","114","4452","1186","429","178","69","31","181","65","270","72","330","67"
"2020/08/30","1344","787","427","96","1222","372","295","34","252","14","105","8","172","8","703","270","181","32","562","48","61","13","79","24","683","138","194","19","468","31","1388","433","155","20","312","56","139","63","441","17","609","82","615","115","4475","1210","429","178","70","32","181","65","272","74","330","67"
"2020/08/31","1348","791","427","93","1225","373","295","29","252","14","105","8","172","8","704","271","181","31","564","50","61","13","79","24","687","139","194","19","468","31","1389","389","156","21","312","55","139","63","441","17","614","84","615","115","4480","1215","429","177","70","31","181","64","272","73","330","66"
"2020/09/01","1352","782","429","97","1234","363","296","31","252","14","105","8","173","8","711","262","183","31","564","48","61","11","79","20","692","139","194","19","468","30","1395","364","156","13","316","58","140","58","442","15","616","79","616","113","4491","1170","439","188","70","29","184","66","277","75","331","63"
"2020/09/02","1387","808","455","110","1251","356","296","29","252","14","105","8","174","8","715","258","184","32","566","48","62","12","80","21","704","148","196","17","468","27","1408","356","156","12","324","61","150","66","444","15","626","87","617","111","4517","1175","448","195","70","29","189","61","278","70","332","63"
"2020/09/03","1416","829","464","114","1258","325","296","27","253","15","105","8","174","8","726","247","184","19","569","44","62","12","84","24","707","147","198","17","469","27","1429","366","157","13","328","58","152","59","448","19","630","89","620","114","4550","1203","456","196","73","32","193","65","281","73","335","59"
"2020/09/04","1444","843","466","115","1264","298","297","28","253","11","105","8","174","5","729","231","186","18","571","47","63","13","91","27","713","148","200","19","469","25","1438","373","161","14","336","60","154","57","448","16","637","85","625","117","4592","1201","468","197","75","32","197","68","283","69","336","57"
"2020/09/05","1473","862","469","110","1278","298","299","27","256","10","105","6","174","3","737","235","190","21","572","47","63","10","92","26","722","155","200","12","469","23","1456","384","164","17","341","64","156","57","455","23","637","74","626","115","4637","1239","479","199","77","31","203","70","285","67","339","58"
"2020/09/06","1487","871","491","132","1284","286","299","25","256","10","105","6","174","2","740","236","196","26","572","47","64","11","95","29","726","158","200","8","469","23","1461","389","164","17","345","68","160","61","455","19","637","66","628","117","4650","1222","482","199","80","34","204","71","287","61","339","53"
"2020/09/07","1498","882","492","133","1284","284","299","22","256","10","105","6","174","2","740","236","196","26","573","48","64","11","96","30","732","163","200","8","469","23","1461","386","167","20","345","65","160","60","455","19","640","64","628","117","4660","1230","482","199","80","34","204","71","289","61","340","46"
"2020/09/08","1512","896","499","140","1285","284","299","22","256","10","105","4","174","2","740","236","199","29","573","46","64","11","96","30","736","167","200","8","469","23","1466","389","167","20","349","68","160","60","457","21","641","65","631","120","4672","1222","482","199","80","33","205","72","289","60","340","43"
"2020/09/09","1527","905","513","151","1306","299","299","23","257","8","107","5","174","2","747","240","219","49","573","34","64","11","100","32","739","164","200","8","469","13","1477","378","168","21","356","69","162","60","461","24","647","68","635","124","4689","1231","493","210","80","25","213","67","292","54","346","49"
"2020/09/10","1548","924","528","151","1318","280","299","17","257","7","108","6","175","3","751","218","220","48","573","33","64","11","105","37","741","161","202","10","470","14","1484","379","169","18","360","65","162","58","463","26","652","69","639","126","4710","1215","500","209","80","24","216","60","295","54","346","36"
"2020/09/11","1567","925","535","157","1332","277","300","19","257","7","108","6","175","3","755","198","233","61","575","34","64","9","110","35","748","166","204","12","471","11","1488","370","171","19","365","64","164","58","469","32","655","64","642","127","4746","1234","513","216","84","28","219","59","298","49","350","33"
"2020/09/12","1626","966","547","165","1343","275","300","17","257","7","109","7","177","5","759","170","234","62","575","30","64","9","111","33","753","167","205","12","471","11","1499","377","171","18","367","64","167","45","472","34","657","56","643","126","4787","1271","530","225","88","31","232","72","300","49","355","32"
"2020/09/13","1644","983","549","167","1349","281","304","21","257","7","109","7","178","6","762","172","236","64","576","31","64","9","112","34","760","171","207","14","471","11","1501","377","171","18","369","65","168","46","475","36","658","56","643","126","4812","1295","530","225","89","32","233","72","301","50","363","40"
"2020/09/14","1645","985","549","167","1350","282","304","21","257","7","109","7","179","7","762","172","236","64","576","31","64","9","115","37","763","172","207","14","471","11","1504","379","171","18","369","63","168","46","475","36","659","53","643","126","4823","1304","532","227","89","31","233","71","302","51","363","40"
"2020/09/15","1657","989","573","188","1358","269","306","21","257","6","114","11","179","7","766","165","255","80","577","26","64","8","116","33","763","170","207","12","473","13","1514","335","171","18","373","61","168","45","483","44","660","49","648","126","4835","1288","547","241","90","31","234","72","307","51","366","43"
"2020/09/16","1683","1000","582","194","1368","270","309","17","257","6","116","13","181","7","768","152","261","82","579","25","65","9","122","36","767","171","209","12","476","15","1533","348","171","17","377","60","170","47","483","43","660","47","650","124","4862","1283","557","249","90","26","234","69","310","50","376","51"
"2020/09/17","1711","1011","596","197","1373","252","309","17","258","5","117","12","188","14","771","146","264","81","579","25","65","6","124","35","774","177","211","14","480","19","1552","332","173","16","379","57","173","47","486","44","663","44","650","123","4901","1287","569","244","92","26","234","67","312","51","386","61"
"2020/09/18","1740","1031","605","201","1377","236","309","17","258","2","119","14","190","16","774","138","265","81","582","28","66","7","124","27","781","180","212","15","484","20","1561","309","173","16","382","52","174","48","489","41","665","45","654","126","4948","1312","579","238","95","28","235","66","314","47","389","63"
"2020/09/19","1769","1054","611","207","1391","237","311","18","258","2","124","19","191","17","777","135","266","78","585","27","67","5","127","30","788","187","213","16","488","24","1581","301","174","14","383","48","174","42","493","43","666","44","659","130","4988","1329","595","250","102","32","240","67","320","50","392","64"
"2020/09/20","1780","1059","615","211","1410","256","317","24","258","2","125","18","191","17","778","107","266","69","587","29","68","6","132","35","790","189","214","17","490","26","1583","302","175","15","383","48","177","45","494","44","667","44","663","134","5000","1341","598","253","104","34","240","65","322","52","392","64"
"2020/09/21","1788","1066","616","211","1411","257","317","23","258","2","125","18","191","17","781","110","266","69","587","29","68","6","140","43","793","192","214","16","490","25","1587","303","175","15","383","43","177","45","494","43","672","42","663","134","5009","1350","599","254","105","35","240","65","322","50","392","59"
"2020/09/22","1801","1069","632","224","1424","263","321","27","258","2","128","19","196","22","784","102","266","68","587","26","69","7","140","39","795","185","215","14","491","26","1604","305","175","11","387","42","181","49","495","41","677","45","663","131","5039","1325","613","267","107","32","243","66","325","50","398","65"
"2020/09/23","1826","1094","641","233","1430","267","322","28","258","2","131","22","198","24","784","102","269","57","590","29","69","7","141","40","796","185","215","15","492","26","1611","311","175","11","387","40","181","49","497","43","683","51","663","131","5069","1354","615","268","111","36","244","66","325","50","400","67"
"2020/09/24","1833","1091","666","251","1437","260","324","28","258","2","132","21","199","24","788","100","269","52","592","30","69","7","143","39","803","189","219","16","492","26","1620","319","177","13","395","45","181","36","500","46","689","54","666","120","5107","1372","630","278","113","38","244","63","333","55","404","62"
"2020/09/25","1891","1141","682","260","1447","251","325","25","258","2","132","21","205","30","794","95","270","36","593","30","70","8","146","40","811","195","222","18","492","26","1642","336","181","16","401","51","185","36","503","45","691","52","668","117","5168","1412","650","286","140","61","249","55","338","56","419","74"
"2020/09/26","1922","1168","706","278","1458","249","325","25","259","3","132","19","219","42","796","93","278","42","594","28","73","10","157","48","818","187","222","17","495","24","1654","332","182","17","405","52","186","38","508","50","702","62","669","115","5215","1429","673","306","150","70","257","62","341","56","432","85"
"2020/09/27","1949","1189","716","287","1462","253","327","27","260","4","133","20","229","52","799","96","278","41","596","30","76","12","160","51","840","207","228","23","496","25","1665","340","182","17","406","53","195","46","510","48","703","59","670","116","5249","1465","673","306","164","84","257","62","342","55","432","80"
"2020/09/28","1952","1190","718","289","1462","253","327","26","260","4","133","20","248","71","799","96","278","41","596","30","76","12","167","58","844","211","228","20","496","25","1665","338","182","17","406","51","195","46","510","47","706","57","671","117","5266","1481","674","307","165","82","257","62","342","54","432","78"
"2020/09/29","1960","1193","782","350","1473","255","331","29","261","3","140","27","248","71","804","92","284","34","597","28","78","14","168","43","846","211","228","19","496","24","1687","326","182","15","406","47","195","44","519","50","709","58","671","110","5296","1470","689","319","173","88","259","63","345","53","444","89"
"2020/09/30","2009","1224","806","372","1488","257","335","33","261","2","145","31","251","69","807","88","287","33","602","33","79","15","169","40","858","217","234","25","500","24","1716","341","182","12","417","56","199","44","522","42","711","60","671","108","5348","1488","707","323","183","98","260","63","350","56","450","91"
"2020/10/01","2043","1254","825","374","1494","246","337","32","261","3","150","35","268","86","812","89","300","47","607","37","79","15","181","50","867","219","234","22","500","18","1740","360","184","14","417","49","208","51","529","47","715","62","672","107","5405","1508","727","336","190","104","266","60","361","63","461","86"
"2020/10/02","2067","1265","843","382","1526","268","338","33","263","5","155","40","270","86","820","93","313","54","609","40","84","17","189","50","874","225","236","19","500","15","1762","364","185","13","418","48","211","51","534","52","718","63","678","107","5459","1530","746","337","200","108","266","59","365","62","467","91"
"2020/10/03","2083","1264","869","407","1550","274","343","29","264","5","159","39","275","89","825","94","327","67","609","40","85","18","194","53","879","215","236","19","502","18","1784","376","187","12","419","49","211","48","541","51","725","70","680","107","5506","1536","759","337","208","116","270","63","372","68","474","95"
"2020/10/04","2093","1270","875","399","1558","281","349","35","264","5","160","40","282","96","826","95","327","67","612","43","85","16","196","53","882","218","237","20","504","20","1804","393","190","15","423","53","213","49","542","52","728","62","680","104","5565","1595","763","341","223","131","271","63","383","77","483","100"
"2020/10/05","2100","1277","879","402","1558","273","349","33","264","5","160","40","283","97","827","96","327","67","613","42","85","15","208","65","882","215","242","25","504","20","1805","394","190","15","423","50","214","49","542","52","729","54","684","108","5589","1619","764","342","227","134","272","64","384","78","483","98"
"2020/10/06","2124","1295","886","403","1573","277","351","36","264","5","162","40","284","95","835","95","341","76","616","45","87","17","209","60","891","199","250","30","518","30","1845","404","198","23","428","54","214","39","552","60","732","56","689","113","5651","1650","783","343","237","142","276","68","390","84","484","98"
"2020/10/07","2149","1312","924","427","1592","284","360","45","264","5","168","45","294","105","839","93","352","82","619","48","92","22","210","61","901","202","256","34","521","33","1885","429","203","28","439","58","217","40","562","69","734","56","691","111","5786","1742","810","369","255","157","291","78","399","90","493","109"
"2020/10/08","2179","1323","952","439","1627","314","365","49","267","8","174","46","295","107","841","94","362","92","622","50","92","20","217","62","913","211","264","40","526","37","1950","483","205","30","443","62","217","33","575","75","750","71","696","114","5910","1840","838","386","260","151","295","76","406","96","502","113"
"2020/10/09","2228","1365","983","463","1652","330","371","52","267","8","181","42","308","99","859","110","381","109","626","50","94","23","227","67","923","219","269","41","528","38","2001","523","222","45","450","64","221","37","596","95","759","76","703","121","6048","1977","858","405","274","154","303","80","417","105","510","118"
"2020/10/10","2282","1409","1011","469","1681","353","387","67","270","11","192","47","319","110","876","119","390","117","629","49","94","21","234","73","938","225","278","48","530","40","2057","566","229","49","460","71","221","36","631","124","761","76","715","132","6234","2135","882","427","299","165","319","93","434","122","518","117"
"2020/10/11","2337","1461","1016","473","1730","401","406","82","271","12","194","49","324","115","887","129","391","118","632","52","100","26","250","89","944","229","282","50","531","41","2099","583","234","54","466","76","229","43","670","156","770","84","723","140","6350","2192","888","433","309","175","326","100","439","127","521","120"
"2020/10/12","2343","1464","1016","473","1732","401","406","82","273","14","194","49","326","117","887","128","392","118","633","53","100","26","255","94","945","225","285","52","532","42","2099","581","236","56","466","74","229","41","671","157","771","84","725","142","6400","2243","888","433","312","178","326","100","439","126","521","110"
"2020/10/13","2394","1505","1058","497","1766","434","413","88","273","12","207","61","329","115","897","135","409","132","635","55","108","32","260","86","953","229","288","53","543","48","2155","622","247","65","476","77","231","43","685","168","776","82","733","149","6573","2404","919","453","336","187","342","115","448","132","535","120"
"2020/10/14","2476","1586","1089","526","1793","442","425","100","273","13","218","72","331","113","905","144","429","150","641","55","114","38","279","102","969","243","297","62","555","59","2242","693","266","82","495","95","235","40","701","182","782","86","744","159","6832","2577","954","482","342","191","356","129","487","171","544","120"
"2020/10/15","2529","1635","1122","508","1827","468","443","114","277","17","246","94","353","126","912","138","452","162","651","63","119","42","288","108","984","256","303","66","569","72","2337","644","285","100","515","111","239","38","714","188","788","90","758","171","7097","2789","981","502","385","236","358","123","509","191","552","123"
"2020/10/16","2620","1722","1184","561","1857","473","446","115","278","15","257","102","358","116","922","124","473","180","655","60","134","52","316","135","1001","271","310","73","597","100","2422","727","294","105","529","123","247","46","735","202","802","94","776","185","7357","3001","1021","530","430","280","372","136","554","236","560","121"
"2020/10/17","2669","1764","1229","600","1893","507","469","137","278","14","268","111","387","140","927","128","487","186","657","58","157","75","327","136","1024","291","327","88","613","114","2529","778","310","120","546","139","264","59","793","255","812","104","792","198","7663","3254","1072","570","469","303","383","145","592","274","568","124"
"2020/10/18","2700","1795","1261","630","1906","520","473","141","279","16","283","126","415","168","934","135","492","191","662","60","165","83","340","141","1042","304","334","93","644","145","2591","838","321","131","552","143","266","58","800","259","828","113","804","210","7859","3442","1082","580","499","331","387","148","616","298","573","129"
"2020/10/19","2717","1804","1267","632","1909","522","477","144","280","17","288","131","434","187","938","138","495","191","663","60","167","85","350","151","1047","309","343","102","650","151","2602","845","322","132","552","139","267","59","884","342","834","114","814","220","8004","3583","1085","583","522","352","388","145","630","307","574","129"
"2020/10/20","2777","1834","1330","678","1965","556","497","158","280","16","315","156","452","203","953","152","513","190","676","68","174","90","360","152","1061","318","355","111","663","164","2711","949","339","145","593","175","267","53","923","380","849","120","827","231","8296","3854","1138","621","559","368","405","160","659","336","590","128"
"2020/10/21","2846","1895","1408","743","2033","600","510","169","280","16","327","168","463","214","954","153","532","204","688","80","191","107","375","157","1078","313","374","128","689","174","2846","1047","356","162","643","221","271","54","950","404","850","118","845","243","8819","4323","1205","666","615","414","420","151","695","371","600","135"
"2020/10/22","2904","1952","1467","791","2110","674","537","188","280","16","367","208","511","262","960","151","574","235","700","86","211","126","398","179","1122","357","396","150","722","206","2993","1118","363","163","697","267","279","59","1010","458","870","140","874","272","9302","4782","1242","701","658","435","443","171","742","417","603","125"
"2020/10/23","2994","2039","1508","799","2185","730","556","202","283","19","390","211","531","282","974","165","619","263","719","105","222","137","449","230","1147","382","431","169","745","228","3133","1222","393","192","744","306","282","57","1047","487","883","153","922","319","9851","5303","1298","749","728","491","468","180","806","479","622","134"
"2020/10/24","3103","2144","1553","838","2253","763","584","210","286","20","406","226","546","271","986","177","641","273","734","116","238","153","472","251","1177","400","452","187","760","239","3280","1287","421","213","797","357","288","57","1072","485","895","166","957","354","10445","5884","1393","842","766","520","493","205","882","555","639","147"
"2020/10/25","3150","2190","1585","870","2311","821","600","214","293","27","440","260","579","303","986","177","676","308","760","141","252","167","494","273","1203","426","480","211","785","264","3356","1363","439","231","818","376","294","62","1079","452","901","154","978","375","10838","6273","1423","872","805","557","498","198","900","540","639","141"
"2020/10/26","3181","2219","1594","875","2316","826","602","215","297","31","453","273","583","307","988","179","676","305","768","145","254","166","504","246","1214","437","486","215","799","270","3370","1327","449","239","818","368","294","62","1088","459","904","156","985","382","10963","6401","1432","881","830","581","500","194","902","541","639","141"
"2020/10/27","3311","2344","1671","921","2422","931","637","241","299","32","490","310","617","341","1002","176","720","320","788","165","274","180","532","259","1254","474","532","261","827","297","3579","1457","477","263","905","447","298","61","1131","497","926","174","1037","433","11876","7292","1492","896","857","577","534","226","962","599","682","172"
"2020/10/28","3402","2433","1772","1013","2591","1093","674","261","312","40","543","356","649","372","1017","173","774","358","823","199","290","191","554","274","1280","492","557","286","890","335","3809","1600","508","294","1003","527","304","64","1150","509","932","179","1106","500","12961","8358","1573","969","896","581","566","250","1057","693","708","197"
"2020/10/29","3562","2587","1859","1080","2737","1237","707","294","330","58","589","401","710","431","1032","187","811","367","866","239","321","212","572","283","1316","528","623","352","945","390","4015","1721","534","319","1134","647","328","86","1197","546","957","191","1164","555","14036","9426","1673","1064","950","605","599","282","1157","791","737","226"
"2020/10/30","3685","2699","1972","1183","2897","1396","726","305","337","64","645","456","768","460","1050","205","843","383","879","252","333","212","607","304","1367","578","668","396","971","415","4283","1891","591","375","1265","756","344","97","1226","553","980","211","1222","612","15084","10222","1785","1175","1000","622","653","334","1228","860","741","214"
"2020/10/31","3834","2836","2045","1230","3055","1553","780","333","350","75","708","519","836","527","1066","221","911","446","904","276","389","261","645","325","1426","637","722","450","1069","510","4487","2082","630","414","1397","887","361","109","1276","547","997","225","1285","675","16143","11269","1906","1293","1058","665","699","379","1288","919","774","247"
"2020/11/01","3872","2874","2129","1304","3169","1660","802","343","355","80","742","553","884","522","1083","238","911","446","958","330","398","265","708","384","1461","672","751","478","1099","540","4623","2150","667","451","1448","938","389","133","1313","576","1014","240","1338","728","16883","11996","1959","1344","1082","686","712","392","1294","924","800","273"
"2020/11/02","3940","2938","2145","1188","3226","1695","819","351","374","99","774","585","903","541","1091","246","920","455","989","349","411","272","717","382","1483","657","790","517","1110","550","4691","2125","689","472","1455","918","400","144","1337","513","1017","213","1396","786","17458","12576","1983","1367","1099","703","725","372","1325","952","802","275"
"2020/11/03","4076","3066","2202","1217","3374","1839","842","373","376","101","829","634","937","573","1114","236","954","465","1019","374","440","284","777","412","1520","678","850","575","1155","593","4946","2278","716","492","1541","960","404","144","1348","474","1037","222","1452","837","18437","13536","2036","1392","1125","626","761","406","1418","1040","810","283"
"2020/11/04","4253","3217","2316","1284","3577","2038","921","426","420","145","884","674","1020","658","1142","263","990","498","1117","468","462","288","890","501","1569","726","930","653","1219","653","5283","2472","761","532","1733","1110","453","191","1404","507","1062","240","1553","931","20056","15062","2177","1513","1146","596","817","460","1524","1145","858","330"
"2020/11/05","4441","3393","2457","1391","3781","2234","1012","504","445","162","1005","781","1110","734","1166","263","1027","511","1183","513","540","349","971","542","1640","795","995","716","1304","738","5593","2764","815","582","1874","1207","506","236","1490","534","1092","271","1651","1021","21533","16533","2382","1708","1200","587","878","520","1598","1217","902","372"
"2020/11/06","4640","3586","2723","1621","4074","2513","1063","524","468","179","1091","866","1176","732","1194","246","1052","531","1254","581","550","349","1016","555","1698","847","1093","810","1372","705","5960","3078","847","604","2022","1302","524","245","1537","581","1121","297","1732","1067","22797","17607","2523","1843","1230","569","940","580","1688","1307","960","393"
"2020/11/07","4877","3811","2792","1686","4224","2659","1138","576","483","189","1176","948","1307","863","1209","260","1074","550","1318","642","583","380","1108","626","1763","869","1183","866","1482","789","6342","3160","887","640","2136","1404","545","263","1656","699","1143","281","1847","1164","24232","18860","2666","1979","1276","588","987","625","1743","1355","1007","440"
"2020/11/08","4952","3881","2920","1808","4495","2921","1178","598","524","228","1202","961","1317","868","1241","290","1082","494","1376","639","615","397","1139","621","1823","927","1214","874","1541","844","6486","3263","924","672","2176","1441","566","284","1707","686","1157","293","1916","1231","25085","19675","2702","2015","1306","619","999","633","1785","1396","1057","489"
"2020/11/09","4985","3906","2933","1806","4514","2934","1182","586","547","251","1215","953","1330","881","1241","290","1082","408","1422","685","624","390","1158","635","1843","914","1225","843","1567","870","6502","3095","939","686","2180","1355","566","282","1714","663","1170","291","1950","1264","25417","20000","2702","2011","1306","616","999","586","1788","1399","1059","487"
"2020/11/10","5183","3902","3075","1928","4734","3150","1264","642","581","271","1278","1006","1421","893","1270","306","1120","444","1511","770","649","393","1213","676","1924","991","1302","918","1653","942","6894","3255","975","722","2355","1445","583","289","1749","664","1200","313","2013","1318","26820","21362","2876","2154","1338","554","1045","631","1884","1490","1066","493"
"2020/11/11","5412","4104","3231","2064","5035","3445","1305","650","589","276","1359","985","1489","958","1295","331","1142","424","1652","910","694","415","1292","738","2030","1095","1394","1009","1788","1052","7365","3722","1026","767","2573","1561","688","390","1810","710","1218","326","2144","1442","28138","22620","3072","2327","1363","521","1131","716","1979","1580","1152","578"
"2020/11/12","5604","4285","3512","2328","5330","3736","1449","762","625","312","1454","1041","1646","1113","1345","368","1165","443","1718","953","726","432","1329","747","2115","1176","1499","1114","1889","1150","7743","3775","1056","792","2721","1592","731","431","1857","719","1251","292","2245","1537","29254","23606","3182","2419","1385","495","1211","788","2037","1635","1232","658"
"2020/11/13","5783","4440","3647","2429","5472","3870","1484","767","705","365","1502","1077","1778","1243","1370","368","1184","428","1802","1019","766","435","1403","783","2223","1281","1583","1197","1983","1171","8157","4064","1075","804","2849","1594","791","490","1922","756","1271","309","2330","1607","30250","24391","3362","2587","1403","469","1270","844","2075","1670","1285","710"
"2020/11/14","5950","4570","3924","2692","5901","4288","1635","880","722","361","1596","1131","1898","1364","1424","397","1203","427","1874","1038","808","468","1496","836","2302","1357","1647","1258","2073","1255","8477","4228","1143","868","3041","1748","843","526","1978","770","1287","310","2419","1689","31481","25490","3513","2737","1461","514","1349","902","2157","1749","1335","760"
"2020/11/15","6047","4662","4042","2788","6073","4460","1673","903","738","375","1626","1148","1947","1411","1458","417","1205","413","1972","1130","843","490","1518","833","2395","1448","1678","1289","2137","1315","8746","4266","1170","895","3111","1805","850","531","2031","795","1295","316","2532","1799","32292","26282","3616","2830","1483","535","1381","898","2193","1785","1383","720"
"2020/11/16","6085","4698","4123","2867","6137","4506","1695","915","752","388","1636","1157","1963","1362","1472","431","1206","414","2036","1194","872","489","1535","807","2436","1449","1694","1288","2183","1360","8780","4165","1190","915","3113","1723","852","533","2048","793","1308","327","2559","1823","32485","26377","3635","2848","1488","540","1381","861","2199","1791","1388","725"
"2020/11/17","6309","4897","4270","3004","6261","4621","1769","979","761","392","1734","1253","2071","1379","1522","474","1221","329","2168","1311","896","472","1568","783","2509","1513","1760","1348","2268","1448","9091","4190","1220","931","3280","1737","948","618","2092","827","1332","328","2634","1887","33648","27451","3769","2974","1513","504","1454","907","2307","1884","1395","730"
"2020/11/18","6509","4997","4552","3255","6751","5097","1840","1038","766","346","1859","1367","2189","1408","1595","525","1242","293","2285","1414","950","474","1657","806","2626","1617","1861","1404","2415","1520","9616","4389","1251","953","3427","1755","1026","691","2163","847","1335","313","2766","2005","34949","28676","4015","3208","1543","493","1533","979","2410","1981","1467","798"
"2020/11/19","6719","5053","4735","3422","7010","5342","1938","987","776","326","1887","1392","2300","1515","1660","563","1263","307","2336","1459","975","480","1734","832","2733","1719","1928","1465","2533","1631","10080","4652","1289","983","3608","1809","1125","776","2249","904","1373","347","2907","2125","35939","29578","4234","3421","1567","483","1624","1048","2470","2036","1544","871"
"2020/11/20","6908","5169","4976","3570","7265","5590","2000","1041","803","342","2005","1502","2419","1584","1720","620","1279","302","2449","1541","1023","498","1798","822","2829","1763","2009","1540","2661","1625","10440","5007","1333","1022","3760","1873","1201","848","2345","955","1386","324","3041","2242","36916","30490","4429","3557","1581","469","1704","1124","2550","2113","1605","926"
"2020/11/21","7061","5215","5133","3680","7567","5797","2091","1129","822","339","2078","1570","2536","1644","1782","641","1295","252","2582","1650","1060","496","1874","854","2908","1841","2089","1555","2754","1700","10849","5402","1363","968","3916","2005","1274","897","2438","1005","1409","324","3148","2313","37947","31318","4744","3866","1607","464","1779","1194","2606","2162","1706","971"
"2020/11/22","7127","5278","5312","3725","7767","5442","2143","1162","856","372","2121","1610","2609","1715","1936","751","1300","251","2678","1734","1112","541","1955","925","2985","1916","2123","1514","2863","1808","11000","5550","1383","986","3955","2044","1295","919","2470","895","1424","335","3234","2390","38379","31724","4791","3913","1615","472","1824","1236","2641","1853","1799","1064"
"2020/11/23","7134","5237","5445","3853","7845","5480","2183","1134","891","406","2128","1497","2609","1714","1952","764","1300","250","2757","1796","1132","524","1965","887","3034","1962","2130","1351","2911","1856","11041","5589","1388","989","3956","2042","1296","918","2533","937","1427","332","3276","2429","38735","31934","4796","3880","1623","479","1824","1191","2648","1859","1861","1126"
"2020/11/24","7328","5295","5496","3845","8084","5355","2257","1194","909","418","2188","1490","2611","1648","1990","761","1320","244","2810","1840","1159","524","2014","857","3114","2040","2197","1343","3008","1944","11402","5797","1416","915","4126","2142","1338","797","2585","935","1437","319","3365","2492","39668","32801","4987","4017","1652","429","1892","1228","2745","1949","1868","1052"
"2020/11/25","7475","5297","5803","4102","8449","5559","2366","1294","937","356","2296","1437","2798","1700","2076","819","1338","237","2927","1931","1200","534","2063","828","3199","2090","2305","1404","3130","2063","11860","6241","1460","750","4322","2125","1413","776","2700","999","1457","309","3511","2621","40548","33548","5262","4289","1687","436","1980","1276","2821","1860","1965","1139"
"2020/11/26","7630","5235","6024","4254","8750","5729","2449","1368","959","333","2385","1411","2882","1773","2110","804","1350","236","3040","2036","1229","538","2127","844","3287","2132","2377","1469","3232","2008","12268","6202","1486","772","4480","2249","1472","792","2789","1049","1464","290","3611","2189","41477","34367","5447","4432","1705","418","2098","1387","2874","1602","2058","1154"
"2020/11/27","7759","5328","6302","4510","9030","5778","2564","1470","975","291","2491","1396","2991","1836","2156","811","1368","247","3134","2108","1278","553","2185","814","3385","2175","2432","1419","3316","2073","12654","6401","1522","797","4612","2160","1504","774","2887","1108","1500","309","3725","1766","42189","34959","5660","4619","1727","410","2211","1493","2938","1401","2133","1218"
"2020/11/28","7885","5323","6477","4624","9296","5847","2657","1540","1014","320","2573","1399","3084","1706","2205","829","1377","243","3196","2163","1331","586","2215","802","3460","2232","2498","1473","3402","2033","12976","6640","1548","819","4738","2195","1540","772","3008","1181","1526","309","3809","1552","42943","35524","5908","4857","1744","408","2305","1437","2996","1459","2244","1262"
"2020/11/29","7952","5380","6610","4639","9505","5936","2683","1273","1031","324","2594","1334","3115","1735","2273","879","1379","221","3286","2240","1370","611","2261","838","3538","2190","2536","1484","3464","2087","13105","6716","1576","843","4786","2210","1562","793","3082","1257","1545","326","3874","1598","43318","35885","5958","4900","1754","417","2326","1455","3001","1371","2263","1277"
"2020/11/30","7965","5387","6728","4710","9595","5931","2701","1198","1049","341","2598","1222","3115","1735","2296","897","1380","217","3341","2295","1399","598","2261","804","3577","2168","2541","1486","3511","2133","13125","6467","1581","847","4787","2216","1562","790","3124","1231","1545","317","3889","1608","43447","36005","5958","4897","1760","423","2331","1458","3018","1381","2302","1316"
"2020/12/01","8096","5374","6880","4712","9808","5956","2789","1284","1056","326","2687","1305","3174","1788","2339","931","1387","212","3375","2296","1416","555","2295","779","3644","2224","2592","1532","3587","2127","13428","6297","1596","852","4931","2313","1627","765","3197","1247","1583","348","3955","1647","44143","36364","6159","5093","1776","375","2392","1402","3070","1286","2318","1310"
"2020/12/02","8215","5361","7198","5011","10079","5965","2886","1359","1077","334","2769","1296","3248","1706","2379","925","1414","211","3495","2399","1455","559","2354","784","3714","2267","2670","1599","3698","2235","13783","6155","1628","873","5071","2311","1663","746","3249","1254","1613","324","4048","1478","44865","36535","6404","5320","1783","358","2484","1491","3139","1353","2394","1378"
"2020/12/03","8411","5178","7440","5205","10345","5978","2897","1294","1095","340","2824","1350","3326","1685","2422","954","1442","237","3554","2439","1478","536","2396","753","3820","2347","2725","1646","3779","2135","14120","6461","1649","554","5215","2374","1701","752","3366","1301","1646","357","4143","1561","45489","36827","6591","5483","1806","359","2560","1488","3195","1305","2478","1461"
"2020/12/04","8527","4988","7818","5519","10704","6138","3098","1483","1117","334","2883","1337","3395","1752","2462","911","1453","244","3579","2443","1521","555","2432","728","3938","2452","2772","1686","3875","2082","14441","6774","1676","442","5339","2465","1743","666","3464","1330","1668","337","4228","1629","46039","36920","6753","5614","1826","345","2636","1532","3260","1368","2546","1475"
"2020/12/05","8714","4582","8075","5719","10953","6044","3195","1573","1138","335","3018","1416","3471","1675","2517","893","1479","262","3696","2546","1561","564","2488","714","4037","2507","2839","1748","3985","1983","14821","7122","1700","444","5469","2486","1837","690","3566","1322","1702","369","4320","1708","46714","37345","6976","5792","1844","350","2745","1608","3336","1164","2611","1519"
"2020/12/06","8767","4631","8257","5883","11240","6063","3205","1393","1160","315","3103","1454","3486","1634","2592","905","1485","242","3770","2619","1603","597","2506","723","4123","2547","2883","1792","4020","2010","14948","7219","1716","459","5495","2387","1847","696","3685","1403","1714","348","4399","1785","47103","37696","7016","5820","1856","362","2777","1640","3390","1215","2698","1604"
"2020/12/07","8777","4641","8342","5907","11366","6004","3206","1248","1171","325","3105","1353","3486","1632","2612","796","1486","213","3790","2635","1608","557","2508","693","4128","2500","2883","1790","4041","2030","14962","6707","1717","459","5495","2221","1847","653","3712","1398","1714","345","4417","1799","47293","37822","7022","5825","1859","365","2777","1634","3391","1214","2706","1612"
