Дата,BLG_ALL,BLG_ACT,BGS_ALL,BGS_ACT,VAR_ALL,VAR_ACT,VTR_ALL,VTR_ACT,VID_ALL,VID_ACT,VRC_ALL,VRC_ACT,GAB_ALL,GAB_ACT,DOB_ALL,DOB_ACT,KRZ_ALL,KRZ_ACT,KNL_ALL,KNL_ACT,LOV_ALL,LOV_ACT,MON_ALL,MON_ACT,PAZ_ALL,PAZ_ACT,PER_ALL,PER_ACT,PVN_ALL,PVN_ACT,PDV_ALL,PDV_ACT,RAZ_ALL,RAZ_ACT,RSE_ALL,RSE_ACT,SLS_ALL,SLS_ACT,SLV_ALL,SLV_ACT,SML_ALL,SML_ACT,SFO_ALL,SFO_ACT,SOF_ALL,SOF_ACT,SZR_ALL,SZR_ACT,TGV_ALL,TGV_ACT,HKV_ALL,HKV_ACT,SHU_ALL,SHU_ACT,JAM_ALL,JAM_ACT
2020/06/06,144,76,54,4,26,0,29,11,190,49,15,2,10,3,14,0,17,2,95,6,7,2,23,6,152,106,42,5,221,56,99,11,27,21,17,3,5,0,112,29,43,8,88,59,993,392,40,7,1,0,30,8,13,9,161,105
2020/06/07,144,75,54,4,26,0,29,5,190,49,15,2,10,2,14,0,17,2,95,6,7,2,23,6,173,125,43,6,221,50,99,11,29,23,17,3,5,0,122,37,44,8,89,60,997,398,40,7,1,0,30,8,15,11,162,106
2020/06/08,146,79,54,4,26,0,29,5,190,49,15,2,10,2,14,0,17,2,95,6,7,2,23,6,175,126,43,6,221,50,99,11,29,23,17,3,5,0,124,38,44,8,89,60,1007,406,40,7,1,0,30,8,15,10,162,106
2020/06/09,148,67,54,4,26,0,29,5,190,42,15,3,10,2,14,0,17,2,95,4,8,3,23,5,178,129,43,6,222,43,99,11,32,26,17,3,5,0,125,39,96,60,93,66,1021,406,41,7,1,0,30,8,16,12,162,106
2020/06/10,148,67,56,4,26,0,29,5,190,41,16,4,10,2,14,0,18,3,95,4,8,3,23,5,194,134,43,5,226,39,100,12,34,28,17,3,5,0,141,55,96,60,98,69,1039,411,41,7,1,0,30,8,28,24,163,106
2020/06/11,150,64,56,5,26,0,30,6,190,41,16,4,10,2,14,0,19,4,95,4,8,3,23,5,196,132,44,6,230,37,100,10,37,31,17,3,5,0,149,59,137,101,102,73,1058,409,56,22,1,0,31,9,30,26,163,106
2020/06/12,150,64,57,5,26,0,30,6,191,39,16,4,11,4,15,1,31,16,95,4,11,6,23,5,198,134,44,5,234,39,102,12,39,31,17,2,5,0,158,65,139,102,104,75,1091,442,57,22,1,0,35,13,41,37,165,97
2020/06/13,151,55,57,4,26,0,30,6,191,39,17,3,13,6,16,2,33,17,96,5,11,6,23,5,210,143,44,5,237,42,105,15,40,30,17,2,5,0,165,71,147,110,113,83,1108,459,79,44,3,2,36,13,53,49,165,87
2020/06/14,151,55,57,4,26,0,30,6,194,42,17,3,15,8,16,2,33,17,101,10,11,6,24,7,210,143,44,5,249,51,106,16,41,31,17,1,5,0,176,79,149,112,120,90,1122,472,82,47,3,2,38,15,63,59,166,88
2020/06/15,151,55,57,3,26,0,30,6,194,42,17,3,15,8,17,3,34,18,101,10,12,7,24,7,210,140,44,5,249,51,108,18,41,31,17,1,5,0,176,75,150,113,122,91,1125,476,82,47,7,6,38,14,72,68,166,88
2020/06/16,151,45,57,3,27,1,31,7,194,39,17,2,15,8,18,4,35,19,104,11,12,5,24,4,212,135,44,5,256,52,109,16,42,30,17,1,5,0,184,83,150,110,124,86,1141,491,85,50,7,6,38,13,75,71,167,84
2020/06/17,151,45,57,3,29,3,31,7,196,41,17,2,15,8,19,5,39,23,117,24,12,5,24,4,222,135,44,3,261,56,111,16,44,27,17,0,5,0,191,83,153,112,139,100,1154,501,88,53,7,5,38,10,102,98,170,86
2020/06/18,154,48,57,4,30,4,31,7,196,31,17,1,15,8,19,5,41,24,122,29,16,9,24,4,226,126,46,5,268,61,123,28,46,26,17,0,5,0,195,82,160,119,146,106,1178,520,91,56,7,5,38,10,103,92,171,68
2020/06/19,158,52,58,6,31,4,32,8,203,31,17,1,15,6,20,6,43,25,133,40,16,9,24,4,243,131,46,5,273,58,131,36,47,27,17,0,5,0,204,79,165,124,172,131,1208,536,92,57,7,5,38,10,104,92,172,60
2020/06/20,163,49,58,5,31,4,32,4,208,31,18,2,15,6,20,7,43,24,139,46,16,9,24,4,243,123,48,6,273,57,133,37,47,26,17,0,5,0,211,83,173,131,184,135,1236,545,93,58,7,5,38,10,107,94,173,53
2020/06/21,170,56,61,8,35,8,32,3,213,31,18,2,16,7,20,7,46,27,158,64,16,9,24,5,245,124,49,5,275,59,141,44,47,25,17,0,5,0,217,86,180,138,193,144,1266,571,96,61,7,5,38,9,114,100,173,48
2020/06/22,171,57,62,9,37,10,32,3,213,31,18,2,16,7,20,7,46,27,172,78,16,9,24,5,246,125,50,6,275,59,142,45,47,25,17,0,5,0,217,82,180,95,199,150,1272,577,96,61,7,5,38,9,114,100,173,48
2020/06/23,172,41,66,12,39,12,33,4,213,31,19,2,16,7,20,6,46,26,173,77,16,9,24,6,249,89,51,7,275,58,143,47,49,26,17,0,5,0,223,88,180,75,212,155,1304,603,101,66,8,6,38,9,114,100,178,44
2020/06/24,173,42,75,21,51,24,33,4,214,30,19,2,16,7,20,6,47,25,190,94,17,9,24,6,259,99,55,11,277,57,149,53,51,28,17,0,5,0,235,90,181,67,229,166,1329,618,105,70,8,6,38,9,118,104,179,41
2020/06/25,174,43,80,26,53,26,35,6,214,28,21,4,16,7,20,6,49,27,204,104,17,8,27,9,265,105,56,12,278,57,150,51,53,29,18,1,5,0,243,82,202,87,241,173,1367,643,105,70,8,6,38,9,121,107,182,44
2020/06/26,180,49,84,29,61,34,38,9,215,30,22,5,18,9,21,7,51,25,217,115,17,7,27,7,269,75,57,13,283,59,163,64,58,33,20,3,5,0,249,85,207,86,256,187,1427,661,110,72,8,6,38,6,125,110,182,41
2020/06/27,182,50,99,44,65,38,38,9,216,30,29,12,18,6,21,6,54,28,221,117,17,6,27,6,277,82,58,13,284,46,165,65,60,35,24,7,5,0,253,81,212,91,263,186,1450,670,115,77,10,7,39,3,127,87,184,39
2020/06/28,183,51,107,49,70,52,41,13,216,30,29,11,18,6,21,6,55,29,224,119,17,6,27,6,294,98,59,14,285,47,181,81,66,41,26,9,5,0,258,86,213,92,271,189,1479,680,117,79,10,7,39,3,128,88,186,42
2020/06/29,185,53,108,50,80,53,41,12,216,30,29,11,18,6,21,6,55,28,241,134,17,6,27,6,298,101,59,14,285,47,187,87,67,42,27,9,5,0,259,77,219,81,276,194,1490,702,117,79,10,7,39,3,128,88,187,38
2020/06/30,186,54,113,55,86,59,41,12,216,24,30,13,18,6,21,6,59,32,245,133,17,2,27,4,307,98,59,14,288,44,194,94,69,44,27,9,5,0,262,75,279,141,279,172,1511,720,117,79,11,8,41,5,136,86,187,37
2020/07/01,191,59,117,59,90,63,43,14,216,24,30,12,18,6,21,6,59,29,257,145,17,3,28,6,314,103,61,15,288,37,201,96,71,40,30,12,5,0,267,68,315,177,293,175,1554,719,123,85,11,7,41,4,137,78,191,41
2020/07/02,202,69,124,66,102,75,43,13,216,24,34,14,20,8,22,7,59,27,266,148,17,3,28,6,317,102,62,15,290,39,234,129,75,43,36,18,5,0,271,70,324,179,299,177,1600,755,125,83,11,8,41,4,137,74,194,44
2020/07/03,207,69,132,73,117,89,58,28,216,9,34,13,20,7,22,7,61,31,278,162,19,4,30,8,323,108,63,16,292,36,242,137,77,43,36,17,5,0,277,76,330,176,312,180,1649,779,129,87,11,5,42,4,139,74,194,43
2020/07/04,211,71,133,74,128,100,68,35,217,9,38,17,21,9,22,7,64,33,286,168,19,3,30,7,330,97,63,13,296,38,264,155,79,45,36,18,5,0,285,81,337,176,323,174,1718,827,133,82,15,9,42,4,139,74,195,40
2020/07/05,214,74,141,81,144,116,84,51,217,9,38,17,21,9,24,9,64,33,292,172,19,3,30,7,339,105,63,14,304,46,275,166,81,46,37,19,5,0,296,91,342,180,334,185,1776,883,137,89,16,10,43,5,144,76,197,42
2020/07/06,219,79,141,81,146,118,86,53,217,9,38,17,22,10,24,9,64,33,301,178,19,3,30,7,344,108,63,14,304,46,280,170,81,46,37,19,5,0,297,82,346,182,340,192,1799,908,137,89,16,9,43,5,144,73,197,39
2020/07/07,226,87,141,79,163,131,92,59,217,8,38,18,22,9,25,10,67,34,303,180,19,4,30,6,350,101,64,15,304,40,293,182,86,53,41,23,5,0,304,88,347,181,343,185,1885,950,146,98,16,9,45,7,144,72,198,35
2020/07/08,236,97,147,86,170,136,92,59,217,7,39,19,25,11,25,10,71,37,312,189,19,3,30,6,352,99,65,15,313,49,318,205,90,57,47,29,9,4,310,94,351,171,353,192,1953,1011,151,101,16,9,45,7,146,71,200,37
2020/07/09,253,114,151,81,186,148,100,67,217,7,42,23,27,13,30,15,75,40,324,200,20,4,31,7,359,102,66,16,325,54,339,228,90,51,51,33,10,5,319,103,364,177,365,192,2024,1002,162,112,17,11,46,8,147,68,202,36
2020/07/10,272,134,156,85,207,169,113,76,217,5,45,24,29,14,38,23,80,38,334,210,21,5,33,9,361,100,75,24,329,51,381,267,92,52,57,38,11,6,322,102,369,176,388,197,2164,1161,163,113,19,11,46,7,147,46,203,38
2020/07/11,291,153,167,95,225,181,121,84,217,5,45,18,32,15,53,38,85,43,345,213,21,5,33,7,372,92,78,26,344,65,424,309,94,45,64,44,12,7,326,102,373,179,400,197,2262,1263,163,113,19,11,46,6,149,37,203,36
2020/07/12,304,166,179,107,235,191,130,93,217,6,45,18,32,15,56,41,86,44,353,221,21,5,33,7,378,99,80,28,348,69,447,332,94,44,64,41,14,9,328,103,381,187,406,203,2356,1355,166,116,20,12,47,9,152,40,203,36
2020/07/13,311,173,184,112,244,200,132,95,218,7,45,18,32,15,56,41,86,44,356,221,22,6,33,7,379,100,81,29,348,69,455,340,96,43,64,42,14,9,331,105,382,187,408,205,2387,1384,166,116,20,12,47,9,152,40,203,36
2020/07/14,313,161,184,109,249,200,136,99,219,7,45,18,32,15,68,52,87,36,360,220,27,11,36,9,380,90,81,26,349,67,474,355,97,42,68,47,14,9,333,105,385,111,414,196,2460,1417,174,121,21,11,47,6,154,41,204,37
2020/07/15,332,177,194,118,251,170,140,103,219,4,46,17,33,16,77,61,91,37,370,224,28,12,36,8,385,91,84,26,351,64,498,365,97,37,72,50,14,9,338,110,392,114,425,203,2559,1484,180,102,21,8,49,9,156,42,207,38
2020/07/16,347,192,208,129,267,185,148,104,221,6,47,15,35,17,84,67,94,39,373,225,29,13,36,9,391,87,88,29,353,66,519,385,99,36,82,56,15,9,342,104,395,111,435,208,2640,1464,185,98,23,10,55,15,156,40,210,28
2020/07/17,362,206,222,138,303,216,154,90,222,7,51,18,43,24,96,76,96,37,384,234,30,13,36,9,396,92,90,30,357,69,538,397,99,29,86,60,15,9,345,107,399,107,445,207,2735,1554,193,104,24,11,55,14,156,36,212,30
2020/07/18,374,218,223,135,338,249,169,99,222,7,57,22,43,23,110,89,98,35,396,243,31,14,36,8,402,97,94,33,361,73,576,435,101,29,95,65,17,11,353,106,405,101,458,212,2827,1607,201,108,26,13,59,19,158,33,212,28
2020/07/19,402,242,242,148,352,263,184,110,224,9,57,22,43,22,112,91,98,35,401,246,34,17,36,10,405,100,95,34,366,78,590,449,101,29,97,67,19,13,356,96,409,93,472,222,2882,1658,202,109,26,12,60,20,160,34,213,29
2020/07/20,411,251,243,149,354,265,184,108,225,10,58,23,45,21,112,91,98,35,406,247,34,17,36,9,412,106,95,34,366,78,613,472,102,30,97,67,19,13,357,96,410,82,472,220,2921,1697,203,110,26,12,60,20,161,35,213,29
2020/07/21,417,255,250,154,372,278,188,108,225,10,58,19,47,23,117,94,100,35,419,251,34,16,36,8,415,106,96,35,367,79,623,482,104,28,101,68,19,13,358,97,411,79,484,193,3006,1770,212,118,26,13,61,21,166,38,217,25
2020/07/22,442,279,255,152,420,322,200,113,226,10,58,19,52,28,130,106,101,30,426,246,35,16,36,7,423,100,102,40,370,61,673,514,105,28,104,64,20,13,363,96,420,87,492,191,3105,1672,219,124,26,12,67,27,166,37,218,26
2020/07/23,477,312,271,159,479,379,204,106,228,12,58,12,66,41,148,123,103,30,439,256,35,11,36,8,430,96,106,40,370,56,703,530,106,27,114,72,26,19,367,87,429,96,501,183,3180,1732,226,130,26,10,68,28,167,36,221,29
2020/07/24,511,340,277,144,510,406,213,105,229,13,58,13,74,47,175,146,108,33,446,233,35,11,38,9,435,97,108,41,370,38,730,491,106,24,123,76,26,19,369,84,436,93,511,185,3233,1600,235,138,26,7,72,32,167,29,232,39
2020/07/25,537,361,286,146,532,423,222,106,229,11,60,15,82,55,198,165,117,42,454,226,35,10,40,9,448,96,111,39,370,35,769,494,107,22,138,87,26,17,371,77,437,90,518,179,3288,1578,243,144,27,7,72,32,167,26,239,42
2020/07/26,552,375,290,148,548,422,222,105,229,11,62,17,89,62,204,171,117,42,458,230,35,12,41,10,453,101,113,41,371,36,777,487,107,22,145,94,31,22,373,72,442,88,522,183,3380,1664,243,144,27,6,74,34,167,26,240,43
2020/07/27,572,395,295,152,561,435,222,101,229,11,62,16,97,70,208,175,118,43,459,209,35,12,41,10,457,100,114,42,371,36,800,508,107,22,147,96,31,21,373,69,444,83,526,184,3403,1685,244,145,27,6,75,35,169,28,240,43
2020/07/28,591,413,301,156,586,450,225,100,229,11,66,18,102,71,213,174,120,45,464,208,35,15,41,8,464,103,117,42,374,39,816,510,109,19,150,97,31,19,380,75,445,82,533,179,3463,1590,247,148,27,6,80,40,169,27,243,44
2020/07/29,613,433,309,150,607,461,234,105,229,11,66,13,111,80,231,192,121,39,473,206,35,16,41,8,473,109,126,47,379,40,840,511,112,19,155,93,36,24,385,70,448,85,546,189,3518,1577,258,154,27,6,83,39,170,28,245,45
2020/07/30,651,468,316,140,628,471,237,104,232,14,67,13,119,82,260,221,128,44,486,217,35,15,42,9,475,103,129,48,379,35,864,524,112,18,188,119,36,24,389,69,450,85,549,176,3591,1542,261,156,30,9,85,41,171,28,245,41
2020/07/31,679,494,323,143,674,508,239,96,232,14,69,13,122,85,308,267,129,42,493,215,35,15,45,11,481,108,134,50,383,36,877,517,114,16,200,125,36,23,392,71,452,79,554,165,3642,1499,268,158,30,9,89,45,171,26,249,43
2020/08/01,734,547,332,145,701,515,240,89,232,14,76,18,132,93,319,277,135,44,501,209,37,17,45,11,486,108,139,53,385,32,901,515,114,15,234,158,41,28,395,61,460,87,562,162,3671,1519,272,154,31,10,91,39,172,25,252,43
2020/08/02,745,558,333,146,730,544,242,81,232,14,76,18,133,94,331,289,135,44,505,213,37,15,49,15,493,115,143,57,390,37,916,494,114,16,235,156,45,32,397,58,466,74,566,166,3700,1546,275,157,31,10,92,40,173,25,252,41
2020/08/03,746,559,334,139,791,603,242,81,235,17,78,20,135,96,344,302,135,44,509,217,37,15,49,15,494,115,143,57,392,39,924,500,114,16,238,154,45,32,400,61,470,71,566,166,3708,1553,276,158,31,10,93,41,173,24,253,42
2020/08/04,756,556,335,132,833,618,245,78,236,16,84,25,135,83,363,317,139,48,509,215,39,17,50,16,502,100,143,49,394,36,937,500,117,16,241,153,47,31,404,65,472,73,574,164,3759,1474,290,172,32,8,93,40,173,23,257,46
2020/08/05,799,598,344,127,864,640,252,70,237,16,84,25,146,94,373,271,140,45,511,196,40,18,50,16,510,90,156,58,400,42,969,504,119,18,244,148,51,35,405,59,486,87,579,165,3793,1428,295,164,33,9,95,35,174,24,265,53
2020/08/06,896,692,347,129,918,657,255,61,237,13,85,25,148,96,381,277,141,42,511,189,41,18,52,18,519,96,156,55,406,48,1014,522,119,18,247,144,54,35,409,63,499,94,582,163,3821,1396,298,165,36,12,99,30,180,27,266,54
2020/08/07,909,701,357,133,943,663,256,54,239,15,89,26,153,82,409,302,142,39,515,193,41,15,53,19,531,108,160,53,416,57,1049,514,135,34,249,135,58,35,410,53,507,100,587,166,3901,1409,307,172,38,13,102,29,184,31,274,54
2020/08/08,932,714,363,130,970,680,256,51,239,15,89,25,155,71,424,309,146,36,516,167,41,13,53,17,536,99,163,54,422,60,1066,525,136,34,250,127,61,36,414,54,512,102,590,144,3954,1379,316,174,38,13,106,32,187,30,274,54
2020/08/09,947,729,364,128,982,640,260,50,241,17,90,26,159,73,456,340,147,37,517,168,41,13,53,17,540,96,164,55,426,64,1087,541,137,35,253,127,64,39,417,52,513,95,590,144,3971,1393,316,174,38,13,107,33,189,30,274,51
2020/08/10,952,734,364,128,984,641,260,48,241,17,90,26,159,67,463,346,147,36,518,169,41,13,55,19,547,99,164,55,426,64,1101,523,137,35,253,120,64,39,417,52,516,97,590,144,3979,1401,316,174,38,13,107,33,192,32,275,52
2020/08/11,963,737,367,130,999,652,262,49,241,14,96,30,159,58,475,350,147,36,520,146,44,12,55,16,554,102,165,43,426,57,1113,527,140,38,257,120,64,38,421,53,516,87,592,145,3996,1339,325,182,38,12,110,32,192,30,275,38
2020/08/12,987,757,372,117,1013,656,266,51,241,14,96,25,160,56,492,365,147,36,523,117,46,13,55,16,563,102,169,42,431,60,1144,529,141,39,257,104,67,41,423,55,517,87,594,145,4055,1359,336,191,40,14,112,31,196,33,279,42
2020/08/13,1010,779,373,113,1046,664,269,49,241,13,96,23,166,60,504,316,147,27,524,90,47,15,55,14,571,108,170,36,431,55,1157,502,142,38,263,105,79,48,425,41,523,84,595,132,4086,1312,339,193,41,15,114,30,200,33,279,37
2020/08/14,1045,717,377,107,1060,569,270,47,241,13,97,23,166,54,514,290,149,28,526,64,51,14,55,11,579,114,171,36,438,61,1181,522,143,36,264,85,82,50,425,40,526,79,600,129,4116,1275,344,193,43,17,114,28,210,43,282,39
2020/08/15,1065,681,381,110,1084,554,273,48,241,11,97,22,167,53,541,310,152,27,527,50,51,15,55,6,587,112,173,31,439,55,1203,524,143,35,269,87,85,53,427,40,540,93,600,127,4129,1259,350,198,43,16,114,26,224,55,283,39
2020/08/16,1079,695,383,112,1090,557,277,50,242,12,97,22,169,55,543,312,152,27,528,51,51,16,55,7,589,107,175,33,447,63,1215,515,143,34,269,87,93,59,427,37,545,89,602,129,4146,1275,350,198,44,18,115,26,224,54,283,37
2020/08/17,1085,701,383,112,1092,556,278,48,242,12,97,22,169,55,551,320,153,28,528,50,51,16,55,7,591,109,175,33,447,63,1219,519,143,34,269,76,94,60,427,37,546,83,602,129,4151,1279,350,198,44,18,115,26,225,56,283,34
2020/08/18,1097,702,384,108,1105,520,281,49,243,8,97,20,169,40,563,320,156,30,531,52,51,15,55,5,594,100,176,25,447,54,1233,521,147,34,272,76,103,65,429,39,552,89,602,121,4176,1236,359,173,44,18,123,33,226,57,285,36
2020/08/19,1125,693,390,110,1123,487,283,43,244,9,97,13,171,42,574,330,162,34,532,48,53,17,55,7,601,106,177,23,448,50,1246,524,147,33,274,60,103,63,435,36,555,91,605,121,4209,1189,367,175,44,15,133,43,231,55,285,34
2020/08/20,1149,715,393,101,1135,489,283,41,244,9,100,16,171,35,585,268,168,38,533,48,54,18,55,7,608,106,177,15,451,44,1265,514,148,18,282,62,108,67,435,33,560,93,606,121,4228,1180,374,169,44,15,135,45,236,59,293,36
2020/08/21,1160,709,396,94,1147,479,285,42,247,10,100,13,171,30,607,289,170,39,537,50,54,17,59,11,619,100,180,19,452,40,1276,506,150,20,284,58,112,70,435,32,566,85,609,123,4251,1177,378,171,44,14,139,46,239,61,295,38
2020/08/22,1181,725,399,94,1155,460,286,40,247,10,100,10,171,27,632,280,170,34,539,48,56,18,61,9,625,101,183,20,455,38,1288,496,150,19,292,63,116,72,438,28,571,88,609,122,4286,1170,382,168,47,16,146,44,247,68,299,42
2020/08/23,1197,739,400,95,1159,452,287,39,250,13,102,12,171,23,640,283,170,32,541,50,57,19,63,11,631,105,184,21,455,38,1296,499,150,19,293,63,118,74,438,28,579,88,609,122,4311,1194,382,168,49,18,148,44,248,69,299,42
2020/08/24,1214,755,402,97,1162,455,287,38,251,14,102,12,171,23,650,293,170,32,542,50,57,19,63,11,631,105,189,26,455,38,1302,504,150,18,293,57,119,74,438,28,579,84,609,122,4319,1202,382,168,50,19,148,44,253,74,299,42
2020/08/25,1221,751,406,95,1167,443,288,37,251,13,102,11,171,20,661,296,170,32,543,48,58,18,65,13,637,110,189,22,456,34,1311,495,151,16,296,54,119,66,438,26,581,82,611,114,4338,1171,390,167,51,20,152,46,253,73,310,53
2020/08/26,1257,755,416,96,1177,458,290,38,251,12,104,14,172,21,674,313,172,29,550,55,59,19,66,13,644,115,190,24,462,40,1328,501,151,15,299,56,122,66,438,24,587,84,612,115,4365,1165,404,170,62,29,159,52,260,78,318,59
2020/08/27,1279,755,417,94,1187,446,291,34,251,13,105,12,172,14,681,318,173,29,551,53,60,18,71,18,656,124,191,21,464,38,1341,494,152,16,304,55,129,68,439,18,596,80,613,116,4393,1174,411,173,67,32,164,51,266,84,327,67
2020/08/28,1300,763,418,92,1204,364,291,30,251,12,105,9,172,14,695,281,178,30,560,49,60,13,71,18,666,129,192,20,464,35,1349,461,152,15,308,57,136,65,439,18,599,80,613,114,4426,1191,422,173,67,32,171,56,270,81,329,68
2020/08/29,1319,764,421,90,1214,365,293,32,251,13,105,8,172,9,700,275,181,32,561,47,61,14,75,20,674,130,194,20,468,32,1383,431,152,15,312,56,137,63,441,19,606,83,614,114,4452,1186,429,178,69,31,181,65,270,72,330,67
2020/08/30,1344,787,427,96,1222,372,295,34,252,14,105,8,172,8,703,270,181,32,562,48,61,13,79,24,683,138,194,19,468,31,1388,433,155,20,312,56,139,63,441,17,609,82,615,115,4475,1210,429,178,70,32,181,65,272,74,330,67
2020/08/31,1348,791,427,93,1225,373,295,29,252,14,105,8,172,8,704,271,181,31,564,50,61,13,79,24,687,139,194,19,468,31,1389,389,156,21,312,55,139,63,441,17,614,84,615,115,4480,1215,429,177,70,31,181,64,272,73,330,66
2020/09/01,1352,782,429,97,1234,363,296,31,252,14,105,8,173,8,711,262,183,31,564,48,61,11,79,20,692,139,194,19,468,30,1395,364,156,13,316,58,140,58,442,15,616,79,616,113,4491,1170,439,188,70,29,184,66,277,75,331,63
2020/09/02,1387,808,455,110,1251,356,296,29,252,14,105,8,174,8,715,258,184,32,566,48,62,12,80,21,704,148,196,17,468,27,1408,356,156,12,324,61,150,66,444,15,626,87,617,111,4517,1175,448,195,70,29,189,61,278,70,332,63
2020/09/03,1416,829,464,114,1258,325,296,27,253,15,105,8,174,8,726,247,184,19,569,44,62,12,84,24,707,147,198,17,469,27,1429,366,157,13,328,58,152,59,448,19,630,89,620,114,4550,1203,456,196,73,32,193,65,281,73,335,59
2020/09/04,1444,843,466,115,1264,298,297,28,253,11,105,8,174,5,729,231,186,18,571,47,63,13,91,27,713,148,200,19,469,25,1438,373,161,14,336,60,154,57,448,16,637,85,625,117,4592,1201,468,197,75,32,197,68,283,69,336,57
2020/09/05,1473,862,469,110,1278,298,299,27,256,10,105,6,174,3,737,235,190,21,572,47,63,10,92,26,722,155,200,12,469,23,1456,384,164,17,341,64,156,57,455,23,637,74,626,115,4637,1239,479,199,77,31,203,70,285,67,339,58
2020/09/06,1487,871,491,132,1284,286,299,25,256,10,105,6,174,2,740,236,196,26,572,47,64,11,95,29,726,158,200,8,469,23,1461,389,164,17,345,68,160,61,455,19,637,66,628,117,4650,1222,482,199,80,34,204,71,287,61,339,53
2020/09/07,1498,882,492,133,1284,284,299,22,256,10,105,6,174,2,740,236,196,26,573,48,64,11,96,30,732,163,200,8,469,23,1461,386,167,20,345,65,160,60,455,19,640,64,628,117,4660,1230,482,199,80,34,204,71,289,61,340,46
2020/09/08,1512,896,499,140,1285,284,299,22,256,10,105,4,174,2,740,236,199,29,573,46,64,11,96,30,736,167,200,8,469,23,1466,389,167,20,349,68,160,60,457,21,641,65,631,120,4672,1222,482,199,80,33,205,72,289,60,340,43
2020/09/09,1527,905,513,151,1306,299,299,23,257,8,107,5,174,2,747,240,219,49,573,34,64,11,100,32,739,164,200,8,469,13,1477,378,168,21,356,69,162,60,461,24,647,68,635,124,4689,1231,493,210,80,25,213,67,292,54,346,49
2020/09/10,1548,924,528,151,1318,280,299,17,257,7,108,6,175,3,751,218,220,48,573,33,64,11,105,37,741,161,202,10,470,14,1484,379,169,18,360,65,162,58,463,26,652,69,639,126,4710,1215,500,209,80,24,216,60,295,54,346,36
2020/09/11,1567,925,535,157,1332,277,300,19,257,7,108,6,175,3,755,198,233,61,575,34,64,9,110,35,748,166,204,12,471,11,1488,370,171,19,365,64,164,58,469,32,655,64,642,127,4746,1234,513,216,84,28,219,59,298,49,350,33
2020/09/12,1626,966,547,165,1343,275,300,17,257,7,109,7,177,5,759,170,234,62,575,30,64,9,111,33,753,167,205,12,471,11,1499,377,171,18,367,64,167,45,472,34,657,56,643,126,4787,1271,530,225,88,31,232,72,300,49,355,32
2020/09/13,1644,983,549,167,1349,281,304,21,257,7,109,7,178,6,762,172,236,64,576,31,64,9,112,34,760,171,207,14,471,11,1501,377,171,18,369,65,168,46,475,36,658,56,643,126,4812,1295,530,225,89,32,233,72,301,50,363,40
2020/09/14,1645,985,549,167,1350,282,304,21,257,7,109,7,179,7,762,172,236,64,576,31,64,9,115,37,763,172,207,14,471,11,1504,379,171,18,369,63,168,46,475,36,659,53,643,126,4823,1304,532,227,89,31,233,71,302,51,363,40
2020/09/15,1657,989,573,188,1358,269,306,21,257,6,114,11,179,7,766,165,255,80,577,26,64,8,116,33,763,170,207,12,473,13,1514,335,171,18,373,61,168,45,483,44,660,49,648,126,4835,1288,547,241,90,31,234,72,307,51,366,43
2020/09/16,1683,1000,582,194,1368,270,309,17,257,6,116,13,181,7,768,152,261,82,579,25,65,9,122,36,767,171,209,12,476,15,1533,348,171,17,377,60,170,47,483,43,660,47,650,124,4862,1283,557,249,90,26,234,69,310,50,376,51
2020/09/17,1711,1011,596,197,1373,252,309,17,258,5,117,12,188,14,771,146,264,81,579,25,65,6,124,35,774,177,211,14,480,19,1552,332,173,16,379,57,173,47,486,44,663,44,650,123,4901,1287,569,244,92,26,234,67,312,51,386,61
2020/09/18,1740,1031,605,201,1377,236,309,17,258,2,119,14,190,16,774,138,265,81,582,28,66,7,124,27,781,180,212,15,484,20,1561,309,173,16,382,52,174,48,489,41,665,45,654,126,4948,1312,579,238,95,28,235,66,314,47,389,63
2020/09/19,1769,1054,611,207,1391,237,311,18,258,2,124,19,191,17,777,135,266,78,585,27,67,5,127,30,788,187,213,16,488,24,1581,301,174,14,383,48,174,42,493,43,666,44,659,130,4988,1329,595,250,102,32,240,67,320,50,392,64
2020/09/20,1780,1059,615,211,1410,256,317,24,258,2,125,18,191,17,778,107,266,69,587,29,68,6,132,35,790,189,214,17,490,26,1583,302,175,15,383,48,177,45,494,44,667,44,663,134,5000,1341,598,253,104,34,240,65,322,52,392,64
2020/09/21,1788,1066,616,211,1411,257,317,23,258,2,125,18,191,17,781,110,266,69,587,29,68,6,140,43,793,192,214,16,490,25,1587,303,175,15,383,43,177,45,494,43,672,42,663,134,5009,1350,599,254,105,35,240,65,322,50,392,59
2020/09/22,1801,1069,632,224,1424,263,321,27,258,2,128,19,196,22,784,102,266,68,587,26,69,7,140,39,795,185,215,14,491,26,1604,305,175,11,387,42,181,49,495,41,677,45,663,131,5039,1325,613,267,107,32,243,66,325,50,398,65
2020/09/23,1826,1094,641,233,1430,267,322,28,258,2,131,22,198,24,784,102,269,57,590,29,69,7,141,40,796,185,215,15,492,26,1611,311,175,11,387,40,181,49,497,43,683,51,663,131,5069,1354,615,268,111,36,244,66,325,50,400,67
2020/09/24,1833,1091,666,251,1437,260,324,28,258,2,132,21,199,24,788,100,269,52,592,30,69,7,143,39,803,189,219,16,492,26,1620,319,177,13,395,45,181,36,500,46,689,54,666,120,5107,1372,630,278,113,38,244,63,333,55,404,62
2020/09/25,1891,1141,682,260,1447,251,325,25,258,2,132,21,205,30,794,95,270,36,593,30,70,8,146,40,811,195,222,18,492,26,1642,336,181,16,401,51,185,36,503,45,691,52,668,117,5168,1412,650,286,140,61,249,55,338,56,419,74
2020/09/26,1922,1168,706,278,1458,249,325,25,259,3,132,19,219,42,796,93,278,42,594,28,73,10,157,48,818,187,222,17,495,24,1654,332,182,17,405,52,186,38,508,50,702,62,669,115,5215,1429,673,306,150,70,257,62,341,56,432,85
2020/09/27,1949,1189,716,287,1462,253,327,27,260,4,133,20,229,52,799,96,278,41,596,30,76,12,160,51,840,207,228,23,496,25,1665,340,182,17,406,53,195,46,510,48,703,59,670,116,5249,1465,673,306,164,84,257,62,342,55,432,80
2020/09/28,1952,1190,718,289,1462,253,327,26,260,4,133,20,248,71,799,96,278,41,596,30,76,12,167,58,844,211,228,20,496,25,1665,338,182,17,406,51,195,46,510,47,706,57,671,117,5266,1481,674,307,165,82,257,62,342,54,432,78
2020/09/29,1960,1193,782,350,1473,255,331,29,261,3,140,27,248,71,804,92,284,34,597,28,78,14,168,43,846,211,228,19,496,24,1687,326,182,15,406,47,195,44,519,50,709,58,671,110,5296,1470,689,319,173,88,259,63,345,53,444,89
2020/09/30,2009,1224,806,372,1488,257,335,33,261,2,145,31,251,69,807,88,287,33,602,33,79,15,169,40,858,217,234,25,500,24,1716,341,182,12,417,56,199,44,522,42,711,60,671,108,5348,1488,707,323,183,98,260,63,350,56,450,91
2020/10/01,2043,1254,825,374,1494,246,337,32,261,3,150,35,268,86,812,89,300,47,607,37,79,15,181,50,867,219,234,22,500,18,1740,360,184,14,417,49,208,51,529,47,715,62,672,107,5405,1508,727,336,190,104,266,60,361,63,461,86
2020/10/02,2067,1265,843,382,1526,268,338,33,263,5,155,40,270,86,820,93,313,54,609,40,84,17,189,50,874,225,236,19,500,15,1762,364,185,13,418,48,211,51,534,52,718,63,678,107,5459,1530,746,337,200,108,266,59,365,62,467,91
2020/10/03,2083,1264,869,407,1550,274,343,29,264,5,159,39,275,89,825,94,327,67,609,40,85,18,194,53,879,215,236,19,502,18,1784,376,187,12,419,49,211,48,541,51,725,70,680,107,5506,1536,759,337,208,116,270,63,372,68,474,95
2020/10/04,2093,1270,875,399,1558,281,349,35,264,5,160,40,282,96,826,95,327,67,612,43,85,16,196,53,882,218,237,20,504,20,1804,393,190,15,423,53,213,49,542,52,728,62,680,104,5565,1595,763,341,223,131,271,63,383,77,483,100
2020/10/05,2100,1277,879,402,1558,273,349,33,264,5,160,40,283,97,827,96,327,67,613,42,85,15,208,65,882,215,242,25,504,20,1805,394,190,15,423,50,214,49,542,52,729,54,684,108,5589,1619,764,342,227,134,272,64,384,78,483,98
2020/10/06,2124,1295,886,403,1573,277,351,36,264,5,162,40,284,95,835,95,341,76,616,45,87,17,209,60,891,199,250,30,518,30,1845,404,198,23,428,54,214,39,552,60,732,56,689,113,5651,1650,783,343,237,142,276,68,390,84,484,98
2020/10/07,2149,1312,924,427,1592,284,360,45,264,5,168,45,294,105,839,93,352,82,619,48,92,22,210,61,901,202,256,34,521,33,1885,429,203,28,439,58,217,40,562,69,734,56,691,111,5786,1742,810,369,255,157,291,78,399,90,493,109
2020/10/08,2179,1323,952,439,1627,314,365,49,267,8,174,46,295,107,841,94,362,92,622,50,92,20,217,62,913,211,264,40,526,37,1950,483,205,30,443,62,217,33,575,75,750,71,696,114,5910,1840,838,386,260,151,295,76,406,96,502,113
2020/10/09,2228,1365,983,463,1652,330,371,52,267,8,181,42,308,99,859,110,381,109,626,50,94,23,227,67,923,219,269,41,528,38,2001,523,222,45,450,64,221,37,596,95,759,76,703,121,6048,1977,858,405,274,154,303,80,417,105,510,118
2020/10/10,2282,1409,1011,469,1681,353,387,67,270,11,192,47,319,110,876,119,390,117,629,49,94,21,234,73,938,225,278,48,530,40,2057,566,229,49,460,71,221,36,631,124,761,76,715,132,6234,2135,882,427,299,165,319,93,434,122,518,117
2020/10/11,2337,1461,1016,473,1730,401,406,82,271,12,194,49,324,115,887,129,391,118,632,52,100,26,250,89,944,229,282,50,531,41,2099,583,234,54,466,76,229,43,670,156,770,84,723,140,6350,2192,888,433,309,175,326,100,439,127,521,120
2020/10/12,2343,1464,1016,473,1732,401,406,82,273,14,194,49,326,117,887,128,392,118,633,53,100,26,255,94,945,225,285,52,532,42,2099,581,236,56,466,74,229,41,671,157,771,84,725,142,6400,2243,888,433,312,178,326,100,439,126,521,110
2020/10/13,2394,1505,1058,497,1766,434,413,88,273,12,207,61,329,115,897,135,409,132,635,55,108,32,260,86,953,229,288,53,543,48,2155,622,247,65,476,77,231,43,685,168,776,82,733,149,6573,2404,919,453,336,187,342,115,448,132,535,120
2020/10/14,2476,1586,1089,526,1793,442,425,100,273,13,218,72,331,113,905,144,429,150,641,55,114,38,279,102,969,243,297,62,555,59,2242,693,266,82,495,95,235,40,701,182,782,86,744,159,6832,2577,954,482,342,191,356,129,487,171,544,120
2020/10/15,2529,1635,1122,508,1827,468,443,114,277,17,246,94,353,126,912,138,452,162,651,63,119,42,288,108,984,256,303,66,569,72,2337,644,285,100,515,111,239,38,714,188,788,90,758,171,7097,2789,981,502,385,236,358,123,509,191,552,123
2020/10/16,2620,1722,1184,561,1857,473,446,115,278,15,257,102,358,116,922,124,473,180,655,60,134,52,316,135,1001,271,310,73,597,100,2422,727,294,105,529,123,247,46,735,202,802,94,776,185,7357,3001,1021,530,430,280,372,136,554,236,560,121
2020/10/17,2669,1764,1229,600,1893,507,469,137,278,14,268,111,387,140,927,128,487,186,657,58,157,75,327,136,1024,291,327,88,613,114,2529,778,310,120,546,139,264,59,793,255,812,104,792,198,7663,3254,1072,570,469,303,383,145,592,274,568,124
2020/10/18,2700,1795,1261,630,1906,520,473,141,279,16,283,126,415,168,934,135,492,191,662,60,165,83,340,141,1042,304,334,93,644,145,2591,838,321,131,552,143,266,58,800,259,828,113,804,210,7859,3442,1082,580,499,331,387,148,616,298,573,129
2020/10/19,2717,1804,1267,632,1909,522,477,144,280,17,288,131,434,187,938,138,495,191,663,60,167,85,350,151,1047,309,343,102,650,151,2602,845,322,132,552,139,267,59,884,342,834,114,814,220,8004,3583,1085,583,522,352,388,145,630,307,574,129
2020/10/20,2777,1834,1330,678,1965,556,497,158,280,16,315,156,452,203,953,152,513,190,676,68,174,90,360,152,1061,318,355,111,663,164,2711,949,339,145,593,175,267,53,923,380,849,120,827,231,8296,3854,1138,621,559,368,405,160,659,336,590,128
2020/10/21,2846,1895,1408,743,2033,600,510,169,280,16,327,168,463,214,954,153,532,204,688,80,191,107,375,157,1078,313,374,128,689,174,2846,1047,356,162,643,221,271,54,950,404,850,118,845,243,8819,4323,1205,666,615,414,420,151,695,371,600,135
2020/10/22,2904,1952,1467,791,2110,674,537,188,280,16,367,208,511,262,960,151,574,235,700,86,211,126,398,179,1122,357,396,150,722,206,2993,1118,363,163,697,267,279,59,1010,458,870,140,874,272,9302,4782,1242,701,658,435,443,171,742,417,603,125
2020/10/23,2994,2039,1508,799,2185,730,556,202,283,19,390,211,531,282,974,165,619,263,719,105,222,137,449,230,1147,382,431,169,745,228,3133,1222,393,192,744,306,282,57,1047,487,883,153,922,319,9851,5303,1298,749,728,491,468,180,806,479,622,134
2020/10/24,3103,2144,1553,838,2253,763,584,210,286,20,406,226,546,271,986,177,641,273,734,116,238,153,472,251,1177,400,452,187,760,239,3280,1287,421,213,797,357,288,57,1072,485,895,166,957,354,10445,5884,1393,842,766,520,493,205,882,555,639,147
2020/10/25,3150,2190,1585,870,2311,821,600,214,293,27,440,260,579,303,986,177,676,308,760,141,252,167,494,273,1203,426,480,211,785,264,3356,1363,439,231,818,376,294,62,1079,452,901,154,978,375,10838,6273,1423,872,805,557,498,198,900,540,639,141
2020/10/26,3181,2219,1594,875,2316,826,602,215,297,31,453,273,583,307,988,179,676,305,768,145,254,166,504,246,1214,437,486,215,799,270,3370,1327,449,239,818,368,294,62,1088,459,904,156,985,382,10963,6401,1432,881,830,581,500,194,902,541,639,141
2020/10/27,3311,2344,1671,921,2422,931,637,241,299,32,490,310,617,341,1002,176,720,320,788,165,274,180,532,259,1254,474,532,261,827,297,3579,1457,477,263,905,447,298,61,1131,497,926,174,1037,433,11876,7292,1492,896,857,577,534,226,962,599,682,172
2020/10/28,3402,2433,1772,1013,2591,1093,674,261,312,40,543,356,649,372,1017,173,774,358,823,199,290,191,554,274,1280,492,557,286,890,335,3809,1600,508,294,1003,527,304,64,1150,509,932,179,1106,500,12961,8358,1573,969,896,581,566,250,1057,693,708,197
2020/10/29,3562,2587,1859,1080,2737,1237,707,294,330,58,589,401,710,431,1032,187,811,367,866,239,321,212,572,283,1316,528,623,352,945,390,4015,1721,534,319,1134,647,328,86,1197,546,957,191,1164,555,14036,9426,1673,1064,950,605,599,282,1157,791,737,226
2020/10/30,3685,2699,1972,1183,2897,1396,726,305,337,64,645,456,768,460,1050,205,843,383,879,252,333,212,607,304,1367,578,668,396,971,415,4283,1891,591,375,1265,756,344,97,1226,553,980,211,1222,612,15084,10222,1785,1175,1000,622,653,334,1228,860,741,214
2020/10/31,3834,2836,2045,1230,3055,1553,780,333,350,75,708,519,836,527,1066,221,911,446,904,276,389,261,645,325,1426,637,722,450,1069,510,4487,2082,630,414,1397,887,361,109,1276,547,997,225,1285,675,16143,11269,1906,1293,1058,665,699,379,1288,919,774,247
2020/11/01,3872,2874,2129,1304,3169,1660,802,343,355,80,742,553,884,522,1083,238,911,446,958,330,398,265,708,384,1461,672,751,478,1099,540,4623,2150,667,451,1448,938,389,133,1313,576,1014,240,1338,728,16883,11996,1959,1344,1082,686,712,392,1294,924,800,273
2020/11/02,3940,2938,2145,1188,3226,1695,819,351,374,99,774,585,903,541,1091,246,920,455,989,349,411,272,717,382,1483,657,790,517,1110,550,4691,2125,689,472,1455,918,400,144,1337,513,1017,213,1396,786,17458,12576,1983,1367,1099,703,725,372,1325,952,802,275
2020/11/03,4076,3066,2202,1217,3374,1839,842,373,376,101,829,634,937,573,1114,236,954,465,1019,374,440,284,777,412,1520,678,850,575,1155,593,4946,2278,716,492,1541,960,404,144,1348,474,1037,222,1452,837,18437,13536,2036,1392,1125,626,761,406,1418,1040,810,283
2020/11/04,4253,3217,2316,1284,3577,2038,921,426,420,145,884,674,1020,658,1142,263,990,498,1117,468,462,288,890,501,1569,726,930,653,1219,653,5283,2472,761,532,1733,1110,453,191,1404,507,1062,240,1553,931,20056,15062,2177,1513,1146,596,817,460,1524,1145,858,330
2020/11/05,4441,3393,2457,1391,3781,2234,1012,504,445,162,1005,781,1110,734,1166,263,1027,511,1183,513,540,349,971,542,1640,795,995,716,1304,738,5593,2764,815,582,1874,1207,506,236,1490,534,1092,271,1651,1021,21533,16533,2382,1708,1200,587,878,520,1598,1217,902,372
2020/11/06,4640,3586,2723,1621,4074,2513,1063,524,468,179,1091,866,1176,732,1194,246,1052,531,1254,581,550,349,1016,555,1698,847,1093,810,1372,705,5960,3078,847,604,2022,1302,524,245,1537,581,1121,297,1732,1067,22797,17607,2523,1843,1230,569,940,580,1688,1307,960,393
2020/11/07,4877,3811,2792,1686,4224,2659,1138,576,483,189,1176,948,1307,863,1209,260,1074,550,1318,642,583,380,1108,626,1763,869,1183,866,1482,789,6342,3160,887,640,2136,1404,545,263,1656,699,1143,281,1847,1164,24232,18860,2666,1979,1276,588,987,625,1743,1355,1007,440
2020/11/08,4952,3881,2920,1808,4495,2921,1178,598,524,228,1202,961,1317,868,1241,290,1082,494,1376,639,615,397,1139,621,1823,927,1214,874,1541,844,6486,3263,924,672,2176,1441,566,284,1707,686,1157,293,1916,1231,25085,19675,2702,2015,1306,619,999,633,1785,1396,1057,489
2020/11/09,4985,3906,2933,1806,4514,2934,1182,586,547,251,1215,953,1330,881,1241,290,1082,408,1422,685,624,390,1158,635,1843,914,1225,843,1567,870,6502,3095,939,686,2180,1355,566,282,1714,663,1170,291,1950,1264,25417,20000,2702,2011,1306,616,999,586,1788,1399,1059,487
2020/11/10,5183,3902,3075,1928,4734,3150,1264,642,581,271,1278,1006,1421,893,1270,306,1120,444,1511,770,649,393,1213,676,1924,991,1302,918,1653,942,6894,3255,975,722,2355,1445,583,289,1749,664,1200,313,2013,1318,26820,21362,2876,2154,1338,554,1045,631,1884,1490,1066,493
2020/11/11,5412,4104,3231,2064,5035,3445,1305,650,589,276,1359,985,1489,958,1295,331,1142,424,1652,910,694,415,1292,738,2030,1095,1394,1009,1788,1052,7365,3722,1026,767,2573,1561,688,390,1810,710,1218,326,2144,1442,28138,22620,3072,2327,1363,521,1131,716,1979,1580,1152,578
2020/11/12,5604,4285,3512,2328,5330,3736,1449,762,625,312,1454,1041,1646,1113,1345,368,1165,443,1718,953,726,432,1329,747,2115,1176,1499,1114,1889,1150,7743,3775,1056,792,2721,1592,731,431,1857,719,1251,292,2245,1537,29254,23606,3182,2419,1385,495,1211,788,2037,1635,1232,658
2020/11/13,5783,4440,3647,2429,5472,3870,1484,767,705,365,1502,1077,1778,1243,1370,368,1184,428,1802,1019,766,435,1403,783,2223,1281,1583,1197,1983,1171,8157,4064,1075,804,2849,1594,791,490,1922,756,1271,309,2330,1607,30250,24391,3362,2587,1403,469,1270,844,2075,1670,1285,710
2020/11/14,5950,4570,3924,2692,5901,4288,1635,880,722,361,1596,1131,1898,1364,1424,397,1203,427,1874,1038,808,468,1496,836,2302,1357,1647,1258,2073,1255,8477,4228,1143,868,3041,1748,843,526,1978,770,1287,310,2419,1689,31481,25490,3513,2737,1461,514,1349,902,2157,1749,1335,760
2020/11/15,6047,4662,4042,2788,6073,4460,1673,903,738,375,1626,1148,1947,1411,1458,417,1205,413,1972,1130,843,490,1518,833,2395,1448,1678,1289,2137,1315,8746,4266,1170,895,3111,1805,850,531,2031,795,1295,316,2532,1799,32292,26282,3616,2830,1483,535,1381,898,2193,1785,1383,720
2020/11/16,6085,4698,4123,2867,6137,4506,1695,915,752,388,1636,1157,1963,1362,1472,431,1206,414,2036,1194,872,489,1535,807,2436,1449,1694,1288,2183,1360,8780,4165,1190,915,3113,1723,852,533,2048,793,1308,327,2559,1823,32485,26377,3635,2848,1488,540,1381,861,2199,1791,1388,725
2020/11/17,6309,4897,4270,3004,6261,4621,1769,979,761,392,1734,1253,2071,1379,1522,474,1221,329,2168,1311,896,472,1568,783,2509,1513,1760,1348,2268,1448,9091,4190,1220,931,3280,1737,948,618,2092,827,1332,328,2634,1887,33648,27451,3769,2974,1513,504,1454,907,2307,1884,1395,730
2020/11/18,6509,4997,4552,3255,6751,5097,1840,1038,766,346,1859,1367,2189,1408,1595,525,1242,293,2285,1414,950,474,1657,806,2626,1617,1861,1404,2415,1520,9616,4389,1251,953,3427,1755,1026,691,2163,847,1335,313,2766,2005,34949,28676,4015,3208,1543,493,1533,979,2410,1981,1467,798
2020/11/19,6719,5053,4735,3422,7010,5342,1938,987,776,326,1887,1392,2300,1515,1660,563,1263,307,2336,1459,975,480,1734,832,2733,1719,1928,1465,2533,1631,10080,4652,1289,983,3608,1809,1125,776,2249,904,1373,347,2907,2125,35939,29578,4234,3421,1567,483,1624,1048,2470,2036,1544,871
2020/11/20,6908,5169,4976,3570,7265,5590,2000,1041,803,342,2005,1502,2419,1584,1720,620,1279,302,2449,1541,1023,498,1798,822,2829,1763,2009,1540,2661,1625,10440,5007,1333,1022,3760,1873,1201,848,2345,955,1386,324,3041,2242,36916,30490,4429,3557,1581,469,1704,1124,2550,2113,1605,926
2020/11/21,7061,5215,5133,3680,7567,5797,2091,1129,822,339,2078,1570,2536,1644,1782,641,1295,252,2582,1650,1060,496,1874,854,2908,1841,2089,1555,2754,1700,10849,5402,1363,968,3916,2005,1274,897,2438,1005,1409,324,3148,2313,37947,31318,4744,3866,1607,464,1779,1194,2606,2162,1706,971
2020/11/22,7127,5278,5312,3725,7767,5442,2143,1162,856,372,2121,1610,2609,1715,1936,751,1300,251,2678,1734,1112,541,1955,925,2985,1916,2123,1514,2863,1808,11000,5550,1383,986,3955,2044,1295,919,2470,895,1424,335,3234,2390,38379,31724,4791,3913,1615,472,1824,1236,2641,1853,1799,1064
2020/11/23,7134,5237,5445,3853,7845,5480,2183,1134,891,406,2128,1497,2609,1714,1952,764,1300,250,2757,1796,1132,524,1965,887,3034,1962,2130,1351,2911,1856,11041,5589,1388,989,3956,2042,1296,918,2533,937,1427,332,3276,2429,38735,31934,4796,3880,1623,479,1824,1191,2648,1859,1861,1126
2020/11/24,7328,5295,5496,3845,8084,5355,2257,1194,909,418,2188,1490,2611,1648,1990,761,1320,244,2810,1840,1159,524,2014,857,3114,2040,2197,1343,3008,1944,11402,5797,1416,915,4126,2142,1338,797,2585,935,1437,319,3365,2492,39668,32801,4987,4017,1652,429,1892,1228,2745,1949,1868,1052
2020/11/25,7475,5297,5803,4102,8449,5559,2366,1294,937,356,2296,1437,2798,1700,2076,819,1338,237,2927,1931,1200,534,2063,828,3199,2090,2305,1404,3130,2063,11860,6241,1460,750,4322,2125,1413,776,2700,999,1457,309,3511,2621,40548,33548,5262,4289,1687,436,1980,1276,2821,1860,1965,1139
2020/11/26,7630,5235,6024,4254,8750,5729,2449,1368,959,333,2385,1411,2882,1773,2110,804,1350,236,3040,2036,1229,538,2127,844,3287,2132,2377,1469,3232,2008,12268,6202,1486,772,4480,2249,1472,792,2789,1049,1464,290,3611,2189,41477,34367,5447,4432,1705,418,2098,1387,2874,1602,2058,1154
2020/11/27,7759,5328,6302,4510,9030,5778,2564,1470,975,291,2491,1396,2991,1836,2156,811,1368,247,3134,2108,1278,553,2185,814,3385,2175,2432,1419,3316,2073,12654,6401,1522,797,4612,2160,1504,774,2887,1108,1500,309,3725,1766,42189,34959,5660,4619,1727,410,2211,1493,2938,1401,2133,1218
2020/11/28,7885,5323,6477,4624,9296,5847,2657,1540,1014,320,2573,1399,3084,1706,2205,829,1377,243,3196,2163,1331,586,2215,802,3460,2232,2498,1473,3402,2033,12976,6640,1548,819,4738,2195,1540,772,3008,1181,1526,309,3809,1552,42943,35524,5908,4857,1744,408,2305,1437,2996,1459,2244,1262
2020/11/29,7952,5380,6610,4639,9505,5936,2683,1273,1031,324,2594,1334,3115,1735,2273,879,1379,221,3286,2240,1370,611,2261,838,3538,2190,2536,1484,3464,2087,13105,6716,1576,843,4786,2210,1562,793,3082,1257,1545,326,3874,1598,43318,35885,5958,4900,1754,417,2326,1455,3001,1371,2263,1277
2020/11/30,7965,5387,6728,4710,9595,5931,2701,1198,1049,341,2598,1222,3115,1735,2296,897,1380,217,3341,2295,1399,598,2261,804,3577,2168,2541,1486,3511,2133,13125,6467,1581,847,4787,2216,1562,790,3124,1231,1545,317,3889,1608,43447,36005,5958,4897,1760,423,2331,1458,3018,1381,2302,1316
2020/12/01,8096,5374,6880,4712,9808,5956,2789,1284,1056,326,2687,1305,3174,1788,2339,931,1387,212,3375,2296,1416,555,2295,779,3644,2224,2592,1532,3587,2127,13428,6297,1596,852,4931,2313,1627,765,3197,1247,1583,348,3955,1647,44143,36364,6159,5093,1776,375,2392,1402,3070,1286,2318,1310
2020/12/02,8215,5361,7198,5011,10079,5965,2886,1359,1077,334,2769,1296,3248,1706,2379,925,1414,211,3495,2399,1455,559,2354,784,3714,2267,2670,1599,3698,2235,13783,6155,1628,873,5071,2311,1663,746,3249,1254,1613,324,4048,1478,44865,36535,6404,5320,1783,358,2484,1491,3139,1353,2394,1378
2020/12/03,8411,5178,7440,5205,10345,5978,2897,1294,1095,340,2824,1350,3326,1685,2422,954,1442,237,3554,2439,1478,536,2396,753,3820,2347,2725,1646,3779,2135,14120,6461,1649,554,5215,2374,1701,752,3366,1301,1646,357,4143,1561,45489,36827,6591,5483,1806,359,2560,1488,3195,1305,2478,1461
2020/12/04,8527,4988,7818,5519,10704,6138,3098,1483,1117,334,2883,1337,3395,1752,2462,911,1453,244,3579,2443,1521,555,2432,728,3938,2452,2772,1686,3875,2082,14441,6774,1676,442,5339,2465,1743,666,3464,1330,1668,337,4228,1629,46039,36920,6753,5614,1826,345,2636,1532,3260,1368,2546,1475
2020/12/05,8714,4582,8075,5719,10953,6044,3195,1573,1138,335,3018,1416,3471,1675,2517,893,1479,262,3696,2546,1561,564,2488,714,4037,2507,2839,1748,3985,1983,14821,7122,1700,444,5469,2486,1837,690,3566,1322,1702,369,4320,1708,46714,37345,6976,5792,1844,350,2745,1608,3336,1164,2611,1519
2020/12/06,8767,4631,8257,5883,11240,6063,3205,1393,1160,315,3103,1454,3486,1634,2592,905,1485,242,3770,2619,1603,597,2506,723,4123,2547,2883,1792,4020,2010,14948,7219,1716,459,5495,2387,1847,696,3685,1403,1714,348,4399,1785,47103,37696,7016,5820,1856,362,2777,1640,3390,1215,2698,1604
2020/12/07,8777,4641,8342,5907,11366,6004,3206,1248,1171,325,3105,1353,3486,1632,2612,796,1486,213,3790,2635,1608,557,2508,693,4128,2500,2883,1790,4041,2030,14962,6707,1717,459,5495,2221,1847,653,3712,1398,1714,345,4417,1799,47293,37822,7022,5825,1859,365,2777,1634,3391,1214,2706,1612
2020/12/08,8955,4461,8415,5902,11569,6005,3343,1375,1177,273,3166,1345,3547,1684,2649,823,1513,207,3826,2660,1624,518,2558,691,4220,2589,2917,1823,4123,1923,15288,6546,1736,426,5665,1977,1913,718,3776,1383,1736,348,4486,1459,47836,37710,7236,5901,1873,330,2848,1589,3462,1299,2728,1594
2020/12/09,9069,4028,8886,6203,11960,6130,3365,1374,1205,298,3276,1361,3602,1461,2725,882,1545,234,3873,2684,1686,540,2611,691,4331,2696,2996,1898,4242,1796,15682,6664,1770,435,5837,1856,1957,750,3922,1487,1741,329,4637,1310,48547,37735,7476,6092,1897,340,2983,1668,3521,1353,2823,1686
2020/12/10,9194,3687,9050,6273,12281,5699,3563,1555,1227,307,3370,1452,3681,1533,2801,908,1568,253,3920,2708,1732,522,2668,705,4417,2776,3048,1945,4383,1767,16007,6784,1795,428,5961,1796,1992,783,4058,1561,1782,359,4740,1405,49161,37488,7638,6224,1920,361,3044,1725,3579,1407,2913,1721
2020/12/11,9300,3115,9427,6557,12605,5305,3669,1571,1240,295,3458,1537,3741,1464,2857,932,1585,238,3954,2709,1780,521,2708,708,4472,2799,3102,1983,4473,1834,16329,6895,1837,432,6063,1771,2032,783,4205,1531,1816,376,4820,1471,49646,37522,7784,6248,1932,359,3120,1743,3632,1455,2981,1777
2020/12/12,9418,2239,9727,6808,12872,5147,3767,1620,1266,296,3551,1625,3786,1381,2913,978,1601,249,4074,2829,1842,551,2755,716,4569,2778,3189,1993,4564,1772,16665,6716,1848,408,6204,1775,2054,684,4280,1501,1834,366,4916,1307,50122,37169,7921,6298,1954,380,3204,1760,3692,1364,3077,1871
2020/12/13,9461,2282,9793,6760,13009,4574,3775,1619,1289,318,3612,1686,3800,1394,2958,954,1607,248,4094,2764,1872,566,2772,726,4622,2771,3227,1797,4589,1751,16767,6484,1849,407,6224,1751,2067,616,4366,1522,1842,364,5004,1392,50420,37106,7957,6329,1959,385,3228,1780,3695,1359,3094,1864
2020/12/14,9470,2289,9858,6790,13080,4333,3775,1421,1292,297,3620,1669,3800,1394,2966,950,1609,250,4113,2750,1873,551,2783,685,4630,2752,3234,1490,4603,1731,16783,5895,1887,445,6225,1725,2069,586,4386,1505,1855,371,5026,1410,50551,37229,7960,6331,1963,379,3229,1778,3707,1260,3102,1775
2020/12/15,9580,2186,9968,6806,13236,4154,3873,1514,1300,301,3695,1714,3809,1312,2999,927,1635,273,4145,2773,1894,516,2800,654,4692,2811,3264,1513,4679,1768,17056,6102,1920,442,6362,1721,2129,591,4447,1493,1876,371,5066,1438,50863,37110,8112,6358,1975,385,3302,1804,3764,1316,3103,1775
2020/12/16,9686,2266,10215,6975,13515,4083,3959,1596,1332,296,3765,1736,3887,1149,3052,950,1669,302,4196,2796,1941,533,2836,653,4761,2660,3322,1567,4811,1770,17320,6185,1970,462,6491,1728,2172,615,4562,1543,1898,356,5159,1517,51188,36969,8248,6337,1996,398,3336,1699,3831,1379,3169,1827
2020/12/17,9754,1968,10323,7035,13699,4060,3965,1546,1356,311,3814,1743,3919,1125,3103,941,1678,301,4237,2812,1975,539,2859,643,4818,2603,3375,1618,4872,1756,17502,6282,1984,460,6593,1709,2208,571,4630,1468,1912,346,5246,1307,51521,36749,8352,6223,2009,399,3446,1729,3869,1413,3227,1883
2020/12/18,9842,1824,10525,7113,13906,3995,4065,1633,1370,299,3893,1804,3961,1133,3149,942,1688,307,4266,2803,2008,515,2878,604,4876,2472,3404,1430,4945,1691,17643,5875,2004,473,6662,1568,2219,545,4705,1470,1940,359,5294,1344,51882,36478,8429,6014,2031,397,3522,1795,3915,1441,3266,1897
2020/12/19,9910,1684,10622,7069,14055,3852,4113,1657,1390,298,3986,1823,3983,1149,3184,972,1707,320,4294,2817,2041,506,2892,604,4939,2524,3443,1466,4995,1489,17765,5648,2029,424,6768,1617,2247,497,4762,1477,1950,333,5349,1397,52163,36004,8526,5863,2048,403,3601,1776,3968,1335,3297,1905
2020/12/20,9939,1703,10698,7113,14181,3859,4149,1683,1403,310,4022,1856,3999,1162,3223,886,1721,333,4310,2805,2064,526,2901,611,4981,2244,3472,1493,5017,1510,17854,5426,2038,431,6792,1613,2248,488,4809,1439,1955,334,5386,1427,52337,35842,8549,5877,2057,409,3628,1802,3971,1336,3325,1934
2020/12/21,9939,1696,10698,7049,14197,3748,4150,1231,1413,296,4026,1858,4001,1163,3224,831,1722,331,4320,2810,2072,511,2901,560,4982,2155,3474,1495,5032,1523,17856,4677,2044,436,6797,1600,2248,488,4816,1361,1956,324,5393,1433,52390,35901,8549,5870,2059,409,3630,1801,3972,1328,3334,1943
2020/12/22,10007,1555,10779,6803,14293,3515,4211,1274,1417,290,4053,1791,4026,1186,3242,845,1740,340,4339,2723,2095,472,2924,550,5002,2059,3489,1503,5088,1494,18022,4667,2066,416,6874,1510,2273,451,4850,1321,1964,311,5407,1312,52571,35730,8638,5574,2063,380,3681,1771,4010,1366,3348,1832
2020/12/23,10057,1544,10924,6889,14473,3432,4252,1312,1437,266,4121,1857,4044,1140,3336,934,1761,353,4353,2655,2127,470,2938,512,5064,1894,3538,1548,5152,1475,18182,4753,2076,402,6961,1434,2294,428,4895,1305,1987,311,5463,1366,52834,35562,8720,5383,2107,326,3734,1728,4063,1413,3378,1610
2020/12/24,10115,1534,10999,6863,14624,3342,4290,1336,1454,272,4186,1921,4061,1146,3370,927,1784,368,4368,2631,2155,456,2964,507,5119,1943,3582,1590,5224,1468,18346,4890,2091,394,7030,1382,2311,444,4956,1196,2001,298,5522,1400,53145,35786,8779,5217,2123,329,3793,1729,4087,1437,3407,1637
2020/12/25,10138,1549,11056,6839,14696,3333,4295,1341,1462,280,4214,1946,4061,943,3403,908,1797,381,4385,2642,2177,436,2968,473,5147,1962,3586,1593,5270,1506,18396,4592,2097,398,7064,1360,2328,378,4987,1054,2004,274,5551,1428,53284,35923,8788,5201,2137,336,3828,1762,4105,1454,3434,1663
2020/12/26,10145,1551,11071,6854,14729,3199,4295,1259,1464,282,4222,1954,4061,799,3415,885,1797,373,4392,2638,2188,438,2968,472,5156,1967,3588,1594,5273,1508,18418,4377,2097,397,7077,1184,2331,353,4999,1002,2015,254,5563,1435,53349,35989,8791,5204,2142,341,3828,1549,4105,1453,3436,1665
2020/12/27,10173,1578,11090,6872,14776,3076,4312,1003,1470,285,4231,1956,4075,813,3430,853,1797,370,4406,2651,2195,435,2970,473,5163,1973,3599,1605,5294,1524,18474,4190,2104,404,7101,1194,2337,340,5000,901,2022,254,5577,1451,53444,36067,8798,5211,2146,345,3835,1555,4118,1466,3447,1674
2020/12/28,10174,1577,11104,6857,14794,2953,4318,830,1472,286,4239,1961,4075,813,3431,855,1797,303,4421,2648,2204,428,2985,487,5168,1951,3609,1481,5317,1546,18501,4023,2108,408,7118,1201,2339,340,5008,887,2033,257,5590,1461,53553,35804,8802,5215,2152,351,3838,1557,4118,1389,3448,1675
2020/12/29,10184,1580,11110,6858,14822,2935,4327,831,1475,289,4242,1959,4076,811,3451,868,1797,290,4429,2478,2207,384,2985,487,5189,1946,3614,1366,5336,1565,18524,4001,2109,406,7140,1101,2342,287,5017,831,2035,232,5599,1463,53625,35353,8817,5230,2157,349,3844,1331,4142,1405,3458,1683
2020/12/30,10238,1368,11191,6837,14993,2894,4380,850,1491,199,4304,2013,4086,821,3484,873,1814,296,4439,2334,2228,371,2997,419,5230,1960,3643,1392,5390,1612,18652,3917,2120,254,7220,1085,2375,282,5043,700,2043,212,5644,1159,53871,35008,8883,5087,2177,305,3874,1354,4186,1447,3495,1635
2020/12/31,10291,1271,11263,6766,15136,2717,4427,892,1519,204,4351,2058,4105,835,3526,853,1841,316,4473,2242,2264,378,3042,424,5287,1937,3687,1435,5469,1613,18791,3719,2135,241,7267,1003,2410,287,5107,708,2061,210,5698,899,54185,34543,8996,5096,2196,299,3922,1398,4246,1504,3525,1522
2021/01/01,10332,1259,11344,6793,15236,2666,4454,911,1532,201,4398,2100,4113,841,3552,824,1855,327,4491,2229,2282,365,3050,416,5315,1962,3720,1467,5507,1649,18898,3653,2143,234,7288,961,2425,289,5141,673,2074,203,5721,727,54340,34504,9055,5125,2208,294,3966,1442,4279,1535,3547,1513
2021/01/02,10341,1267,11379,6777,15280,2643,4454,756,1535,204,4403,1956,4115,843,3561,833,1858,323,4499,2237,2290,363,3053,419,5315,1951,3726,1471,5508,1647,18911,3583,2143,234,7296,852,2427,291,5148,617,2077,206,5732,737,54416,34579,9059,5129,2210,296,3969,1322,4282,1538,3553,1519
2021/01/03,10345,1270,11388,6770,15298,2442,4456,718,1550,218,4419,1969,4119,846,3573,832,1858,207,4509,2230,2293,339,3059,424,5326,1960,3732,1477,5529,1667,18929,3035,2144,234,7319,852,2429,292,5165,578,2085,192,5751,755,54510,34673,9061,5100,2210,295,3975,1327,4290,1543,3558,1524
2021/01/04,10347,1271,11392,6734,15316,2285,4457,545,1551,219,4427,1977,4120,847,3578,792,1860,209,4524,2243,2295,301,3059,424,5329,1913,3741,1486,5535,1670,18940,2692,2149,240,7326,840,2431,258,5166,559,2086,191,5756,755,54568,34718,9064,5103,2210,296,3975,1327,4291,1543,3558,1524
2021/01/05,10371,1169,11431,6619,15418,2164,4495,572,1555,174,4464,2009,4132,570,3601,726,1873,216,4547,2232,2330,306,3077,371,5354,1923,3761,1502,5594,1726,19034,2759,2159,189,7373,755,2453,260,5195,523,2090,174,5775,773,54746,34668,9110,5070,2211,224,4012,1296,4339,1196,3580,1455
2021/01/06,10412,1168,11604,6659,15561,2057,4525,595,1570,177,4496,1972,4148,523,3616,635,1897,234,4566,2214,2349,276,3093,365,5382,1881,3778,1519,5660,1792,19149,2743,2165,178,7416,750,2477,282,5243,513,2103,174,5809,807,54969,34622,9181,5067,2221,205,4036,1232,4364,753,3600,1329
2021/01/07,10435,1142,11635,6530,15638,1921,4547,618,1581,187,4525,1998,4167,530,3659,663,1911,240,4591,2197,2362,267,3102,361,5409,1870,3807,1546,5701,1831,19248,2754,2176,156,7460,754,2494,243,5262,462,2112,161,5840,836,55211,34230,9208,4961,2228,198,4085,1204,4389,554,3609,1228
2021/01/08,10455,1162,11742,6565,15693,1725,4561,591,1591,169,4555,2026,4176,514,3681,560,1916,199,4611,2171,2377,275,3117,372,5427,1861,3823,1526,5744,1873,19321,2778,2182,154,7491,736,2505,244,5280,472,2119,158,5863,855,55390,34093,9234,4897,2233,203,4135,1245,4414,458,3623,1169
2021/01/09,10492,814,11779,6553,15751,1498,4594,620,1600,174,4600,1987,4187,195,3703,551,1949,227,4617,2045,2379,271,3127,284,5458,1074,3840,1364,5777,1753,19365,2711,2185,152,7518,709,2505,237,5300,455,2126,156,5881,817,55551,33536,9267,4853,2250,177,4161,1218,4423,454,3627,1027
2021/01/10,10512,834,11834,6591,15781,1474,4598,576,1605,179,4614,1944,4190,197,3717,515,1958,235,4627,1914,2385,269,3137,287,5463,1064,3848,1372,5797,1768,19385,2719,2187,155,7522,640,2505,237,5321,463,2129,150,5892,827,55640,33606,9272,4828,2252,179,4169,1224,4428,459,3638,1039
2021/01/11,10514,836,11841,6512,15795,1379,4598,415,1605,177,4619,1947,4190,198,3718,514,1961,238,4631,1753,2386,260,3138,287,5464,969,3855,1377,5801,1771,19390,2661,2188,156,7524,642,2505,237,5322,449,2132,147,5895,829,55670,33633,9274,4830,2253,180,4169,1224,4430,461,3643,1044
2021/01/12,10562,793,11850,6416,15836,1360,4609,426,1606,160,4644,1785,4202,195,3722,504,1969,244,4643,1488,2392,226,3151,210,5496,933,3875,1389,5827,1795,19437,2647,2190,150,7549,619,2521,235,5334,428,2139,152,5906,562,55780,33002,9313,4523,2261,169,4205,1138,4459,460,3653,1048
2021/01/13,10609,748,11915,6446,15885,1343,4626,430,1617,156,4661,1102,4211,201,3737,424,1999,272,4661,1400,2406,221,3157,197,5515,940,3888,1251,5844,1777,19489,2693,2193,141,7571,619,2536,206,5355,399,2145,150,5931,588,55936,32278,9368,4333,2262,155,4227,1057,4477,473,3660,1054
2021/01/14,10626,635,11938,6332,15926,1253,4637,422,1621,144,4680,950,4216,200,3752,438,2009,249,4669,1301,2409,198,3166,190,5541,821,3902,1062,5879,1648,19534,2638,2197,113,7585,503,2544,189,5376,371,2147,134,5947,602,56052,31191,9384,4274,2266,140,4251,1007,4498,448,3664,972
2021/01/15,10663,629,11981,6298,15959,1181,4641,385,1621,120,4693,892,4226,172,3767,386,2018,245,4675,1188,2414,195,3169,186,5567,736,3911,773,5895,1446,19574,2589,2204,107,7596,482,2561,189,5385,344,2149,119,5957,518,56184,26397,9420,4250,2274,149,4273,1008,4506,405,3668,796
2021/01/16,10683,639,12065,6370,15991,1123,4652,392,1628,121,4714,906,4227,173,3781,385,2021,226,4687,1157,2417,195,3178,189,5572,696,3923,567,5921,1123,19623,2564,2206,106,7607,488,2568,190,5408,359,2154,121,5973,534,56287,22151,9441,4037,2279,152,4298,1031,4527,393,3672,628
2021/01/17,10689,645,12079,6377,16002,1043,4653,324,1629,121,4716,888,4227,173,3791,394,2022,209,4698,1164,2424,201,3178,187,5592,658,3926,569,5929,1131,19639,2579,2209,109,7608,474,2591,213,5421,357,2158,125,5979,540,56342,22199,9446,4040,2279,152,4304,1037,4532,398,3673,629
2021/01/18,10689,645,12080,6353,16003,973,4655,311,1630,122,4716,751,4227,173,3792,395,2023,209,4704,1170,2426,165,3178,187,5596,660,3928,571,5936,1138,19643,2486,2211,111,7612,477,2594,216,5422,346,2158,122,5981,542,56372,22226,9447,4041,2279,152,4304,1037,4532,398,3675,631
2021/01/19,10720,622,12095,6243,16025,955,4665,310,1642,115,4735,744,4234,158,3799,387,2036,212,4721,1175,2431,151,3185,179,5612,581,3940,572,5967,933,19683,2519,2218,102,7637,431,2606,205,5438,326,2159,107,5998,557,56504,16170,9468,3874,2282,133,4337,1032,4556,394,3690,376
2021/01/20,10734,591,12172,6240,16057,870,4679,319,1647,110,4751,750,4238,162,3808,341,2042,181,4739,1122,2440,147,3186,164,5634,474,3952,580,6002,787,19717,2547,2222,92,7656,412,2609,181,5458,311,2164,105,6014,573,56611,11151,9491,3790,2282,122,4357,1045,4569,375,3696,273
2021/01/21,10747,576,12187,6150,16081,780,4690,266,1651,103,4771,768,4242,166,3815,322,2047,171,4752,1115,2444,136,3195,159,5661,494,3963,591,6023,690,19765,2588,2226,86,7671,394,2618,177,5482,313,2168,99,6032,590,56717,7381,9505,3750,2285,121,4390,1035,4583,364,3698,275
2021/01/22,10756,569,12231,6134,16102,734,4696,260,1655,99,4784,780,4243,135,3815,307,2057,178,4774,1095,2450,132,3197,149,5691,516,3966,548,6051,663,19810,2632,2230,85,7686,371,2623,175,5498,306,2170,95,6044,442,56822,5833,9525,3729,2289,116,4400,1045,4596,363,3703,278
2021/01/23,10777,586,12266,6145,16131,691,4707,269,1655,84,4803,761,4246,118,3821,268,2074,164,4790,1072,2457,132,3199,139,5731,542,3975,452,6081,619,19857,2588,2236,83,7709,395,2627,173,5514,290,2175,89,6070,463,56941,5401,9553,3738,2294,118,4416,1037,4616,330,3709,282
2021/01/24,10782,591,12302,6170,16156,675,4708,200,1655,85,4809,671,4246,117,3829,276,2075,155,4807,1089,2460,131,3201,141,5740,537,3978,454,6088,625,19876,2588,2236,83,7712,375,2627,173,5536,309,2176,89,6080,473,57007,5466,9569,3755,2294,118,4418,1035,4617,331,3712,285
2021/01/25,10784,593,12315,6179,16162,657,4708,188,1655,85,4810,580,4246,118,3830,277,2076,155,4820,1102,2464,121,3202,142,5744,520,3979,455,6090,626,19883,2580,2237,84,7718,381,2628,173,5542,312,2181,93,6085,478,57042,5502,9571,3757,2294,118,4419,1036,4619,333,3713,284
2021/01/26,10804,544,12358,6127,16193,655,4730,208,1658,77,4836,583,4254,94,3834,280,2089,156,4844,1123,2475,117,3207,128,5768,539,3992,375,6123,560,19974,2661,2246,85,7741,339,2639,170,5573,306,2195,100,6104,489,57222,5410,9611,3773,2298,107,4442,939,4656,343,3723,294
2021/01/27,10856,541,12417,6171,16223,614,4753,231,1663,77,4861,526,4258,99,3846,290,2106,149,4868,1111,2480,108,3213,120,5805,550,4008,352,6149,572,20066,2753,2253,82,7750,347,2655,156,5614,329,2202,96,6131,513,57391,5238,9637,3780,2303,100,4503,975,4669,320,3736,305
2021/01/28,10882,566,12459,6158,16241,565,4761,231,1666,74,4874,537,4262,103,3853,243,2113,155,4891,1076,2487,106,3223,121,5843,566,4013,357,6182,555,20116,2611,2254,76,7772,369,2662,151,5638,346,2206,95,6156,535,57541,5356,9653,3786,2309,102,4527,976,4685,317,3745,315
2021/01/29,10917,532,12491,5901,16261,546,4774,241,1670,73,4888,550,4266,90,3853,243,2127,157,4909,836,2495,105,3225,112,5864,512,4026,264,6204,513,20168,2666,2261,75,7788,336,2671,147,5663,344,2209,92,6170,395,57703,5453,9669,3847,2310,92,4544,930,4696,303,3752,321
2021/01/30,10932,548,12539,5551,16283,523,4787,253,1672,71,4901,537,4269,85,3861,232,2152,170,4957,770,2503,110,3231,95,5895,541,4036,246,6251,502,20220,2717,2264,75,7811,356,2681,154,5684,348,2215,89,6183,407,57876,5144,9692,3848,2314,88,4576,905,4719,313,3765,334
2021/01/31,10932,550,12582,4779,16296,495,4790,191,1672,71,4910,483,4270,85,3862,231,2158,173,4984,442,2503,107,3235,99,5919,564,4048,258,6262,512,20239,2733,2270,80,7816,359,2681,154,5701,350,2217,90,6195,420,57973,5241,9711,3864,2314,88,4585,912,4723,317,3770,339
2021/02/01,10950,543,12596,3579,16300,482,4791,182,1673,72,4912,331,4271,86,3864,233,2159,174,4984,432,2503,99,3236,100,5919,546,4049,259,6267,517,20243,2736,2270,80,7817,361,2683,155,5704,348,2221,93,6207,432,58019,5287,9715,3868,2314,88,4585,909,4724,318,3772,341
2021/02/02,10989,522,12681,3302,16333,475,4814,204,1677,76,4934,334,4283,87,3868,228,2176,175,5004,446,2511,100,3243,95,5958,583,4059,194,6300,530,20307,2788,2274,74,7852,391,2701,142,5723,365,2227,93,6219,443,58222,5093,9745,3076,2317,83,4627,898,4761,325,3775,344
2021/02/03,11022,554,12756,3112,16378,485,4836,222,1680,60,4973,321,4295,91,3873,172,2191,188,5045,488,2527,108,3250,95,5998,602,4083,214,6362,547,20389,2852,2278,75,7877,401,2713,139,5767,374,2232,94,6250,372,58430,5200,9786,2447,2325,91,4656,891,4787,332,3788,358
2021/02/04,11046,520,12833,3036,16415,496,4855,219,1681,57,4992,339,4309,93,3873,161,2197,190,5088,460,2532,108,3259,98,6032,552,4092,220,6392,525,20455,2846,2282,70,7893,414,2716,129,5792,361,2238,91,6267,388,58600,5329,9808,2127,2325,86,4681,876,4810,332,3803,373
2021/02/05,11091,565,12896,3003,16452,506,4872,234,1687,63,5028,368,4315,91,3877,137,2209,188,5132,468,2544,117,3270,104,6072,587,4109,228,6423,539,20522,2789,2288,76,7920,386,2724,133,5825,394,2242,92,6290,411,58826,5537,9836,1803,2325,83,4718,907,4832,343,3824,393
2021/02/06,11136,609,13009,3088,16495,511,4891,245,1699,67,5063,386,4323,99,3886,127,2225,200,5157,480,2551,117,3280,106,6101,605,4119,237,6463,526,20601,2859,2291,76,7943,407,2730,128,5853,379,2250,96,6313,435,59032,5741,9862,1431,2325,78,4755,921,4858,358,3848,415
2021/02/07,11155,626,13076,3152,16514,507,4894,246,1700,68,5071,364,4324,100,3891,132,2228,194,5192,513,2557,123,3288,113,6144,648,4134,252,6489,552,20628,2888,2292,78,7951,331,2734,132,5878,396,2251,96,6329,450,59151,5860,9867,1427,2327,82,4767,933,4863,363,3857,424
2021/02/08,11182,654,13077,3147,16517,498,4896,248,1701,69,5072,365,4324,99,3891,130,2228,194,5206,528,2558,114,3288,113,6147,623,4141,256,6497,561,20633,2893,2298,84,7952,328,2737,135,5881,395,2252,98,6339,460,59231,5939,9867,1427,2327,73,4771,934,4863,363,3858,424
2021/02/09,11256,663,13206,3130,16559,509,4910,261,1701,60,5103,381,4339,102,3899,106,2234,197,5264,549,2573,128,3301,118,6183,658,4153,268,6543,573,20704,2954,2305,79,7972,321,2754,131,5938,411,2254,93,6364,482,59506,6174,9899,1184,2329,72,4796,924,4906,385,3898,461
2021/02/10,11315,724,13311,3214,16615,532,4925,254,1701,54,5129,404,4349,112,3901,91,2247,201,5312,591,2585,128,3310,123,6253,695,4176,292,6608,601,20817,3061,2312,78,7989,323,2772,140,5995,454,2260,98,6392,509,59819,6470,9926,1021,2330,67,4853,950,4940,398,3919,480
2021/02/11,11356,710,13335,3196,16658,539,4942,232,1706,52,5166,441,4362,121,3909,98,2254,206,5344,572,2593,133,3314,123,6302,742,4193,304,6638,613,20911,2911,2319,84,8011,323,2783,142,6027,447,2264,98,6422,539,60079,6710,9956,983,2330,64,4886,948,4980,425,3934,480
2021/02/12,11396,747,13445,3283,16723,556,4962,247,1706,48,5201,472,4370,122,3916,98,2263,208,5381,554,2599,134,3320,127,6354,742,4215,324,6692,668,21004,2891,2327,91,8036,328,2797,147,6050,455,2280,109,6441,559,60336,6963,9998,974,2334,62,4940,952,5008,444,3950,496
2021/02/13,11427,724,13530,3312,16767,570,4982,252,1709,49,5243,513,4379,125,3926,107,2275,202,5421,592,2612,145,3330,127,6399,787,4248,358,6745,689,21080,2925,2330,83,8045,333,2803,146,6077,462,2292,117,6461,582,60569,7155,10027,942,2339,67,4993,1005,5035,452,3966,391
2021/02/14,11445,742,13587,3367,16803,581,4987,257,1710,49,5254,465,4380,126,3931,111,2277,171,5461,542,2618,148,3330,129,6422,701,4259,368,6758,699,21098,2945,2335,88,8049,327,2808,151,6112,491,2292,116,6476,599,60739,7300,10030,945,2340,68,4998,1008,5041,459,3976,362
2021/02/15,11447,726,13610,3183,16815,584,4989,254,1710,50,5254,463,4380,125,3932,112,2280,173,5463,544,2619,144,3330,129,6433,704,4262,372,6774,715,21110,2961,2336,89,8050,315,2808,151,6118,486,2292,113,6480,603,60793,7288,10033,948,2341,69,5002,1012,5041,459,3977,363
2021/02/16,11519,794,13647,3064,16852,599,5015,266,1712,47,5292,502,4398,142,3942,118,2288,167,5493,561,2634,146,3337,120,6463,702,4273,343,6817,715,21205,3049,2340,85,8075,339,2825,151,6154,491,2299,106,6508,630,61091,7433,10082,959,2343,62,5054,1062,5094,465,3995,382
2021/02/17,11571,774,13805,3193,16902,622,5028,249,1716,45,5345,553,4412,145,3961,131,2299,158,5540,593,2644,149,3344,120,6503,703,4304,320,6876,726,21334,3177,2344,83,8086,339,2842,169,6197,508,2312,116,6546,542,61444,7598,10134,973,2345,62,5103,1108,5135,504,4024,409
2021/02/18,11624,806,13942,3304,16962,646,5056,263,1724,50,5394,598,4420,149,3968,138,2308,165,5595,590,2656,152,3358,122,6532,725,4326,316,6944,752,21406,3175,2349,86,8107,285,2856,182,6231,510,2329,128,6578,573,61813,7905,10156,958,2346,58,5132,1132,5183,510,4047,432
2021/02/19,11663,816,13990,3281,16998,650,5077,284,1728,46,5436,651,4432,151,3982,144,2312,156,5626,604,2673,167,3368,127,6594,786,4353,322,7014,787,21499,3211,2354,89,8118,289,2868,171,6264,515,2336,129,6599,490,62148,8046,10196,972,2348,57,5175,1116,5221,513,4056,440
2021/02/20,11720,837,14181,3438,17079,702,5097,303,1731,42,5497,710,4449,167,4009,170,2323,153,5689,652,2688,180,3374,119,6628,817,4383,353,7077,834,21596,3301,2363,97,8147,307,2884,183,6309,532,2345,129,6644,533,62511,8379,10234,1007,2352,58,5231,1096,5272,533,4078,460
2021/02/21,11729,846,14210,3432,17112,699,5100,262,1732,42,5509,705,4459,177,4019,180,2323,153,5713,672,2710,201,3376,121,6655,812,4402,371,7102,857,21639,3343,2365,97,8147,310,2887,186,6321,542,2349,133,6668,556,62707,8575,10242,1016,2355,61,5244,1107,5279,540,4085,466
2021/02/22,11733,851,14244,3465,17140,715,5105,267,1732,42,5515,673,4459,177,4019,178,2323,147,5713,671,2711,193,3376,121,6657,803,4421,389,7119,872,21656,3360,2372,104,8148,311,2887,185,6321,525,2349,133,6675,562,62784,8660,10244,1017,2355,61,5244,1107,5279,505,4085,466
